timestamp,workload,io_wait,memory_usage,disk_write_bytes,cpu_usage,disk_read_bytes,cpu_idle,app_http_request_latency_houses_POST_0.5,app_http_request_latency_houses_POST_0.9,app_http_request_latency_houses_POST_0.99,app_http_request_latency_metrics_GET_0.5,app_http_request_latency_metrics_GET_0.9,app_http_request_latency_metrics_GET_0.99,app_http_request_latency_recipes_GET_0.5,app_http_request_latency_recipes_GET_0.9,app_http_request_latency_recipes_GET_0.99,app_http_request_latency_recipes_POST_0.5,app_http_request_latency_recipes_POST_0.9,app_http_request_latency_recipes_POST_0.99,app_http_request_latency_schedules_POST_0.5,app_http_request_latency_schedules_POST_0.9,app_http_request_latency_schedules_POST_0.99,app_http_request_latency_startworkflow_POST_0.5,app_http_request_latency_startworkflow_POST_0.9,app_http_request_latency_startworkflow_POST_0.99,app_http_request_latency_storages_POST_0.5,app_http_request_latency_storages_POST_0.9,app_http_request_latency_storages_POST_0.99,app_http_request_latency_users_POST_0.5,app_http_request_latency_users_POST_0.9,app_http_request_latency_users_POST_0.99,k1,k2,k3,k4,k5,
1523997465,1,1.25,42.26898905863545,96665.6,35.30000000000655,0,64.69999999999345,45,3051,3080,1,2,6,4,1004,1008,442,2308,2423,50,866,1218,0,0,0,1474,2808,2992,36,47,57,1000,2000,3000,4000,5000,
1523997467,1,1.25,42.26898905863545,96665.6,35.30000000000655,0,64.69999999999345,45,3051,3080,1,2,6,4,1004,1008,442,2308,2423,50,866,1218,0,0,0,1474,2808,2992,36,47,57,1000,2000,3000,4000,5000,
1523997469,1.4,9.54999999999984,42.36075644714847,924057.6,33.45000000001164,3276.8,66.54999999998836,45,3051,3080,1,2,6,4,1004,1008,405,2308,2423,50,866,1218,0,0,0,1474,2808,2992,36,47,57,1000,2000,3000,4000,5000,
1523997471,1.4,9.54999999999984,42.36075644714847,924057.6,33.45000000001164,3276.8,66.54999999998836,45,3051,3080,1,2,6,4,1004,1008,405,2308,2423,50,866,1218,0,0,0,1474,2808,2992,36,47,57,1000,2000,3000,4000,5000,
1523997473,1.4,9.54999999999984,42.36075644714847,924057.6,33.45000000001164,3276.8,66.54999999998836,45,3051,3080,1,2,6,4,1004,1008,405,2308,2423,50,866,1218,0,0,0,1474,2808,2992,36,47,57,1000,2000,3000,4000,5000,
1523997475,1.4,4.550000000000409,42.22371714696902,326860.8,31.74999999998363,0,68.25000000001637,45,3051,3080,1,2,6,4,1004,1008,405,2308,2423,50,866,1218,0,0,0,1474,2808,2992,36,47,57,1000,2000,3000,4000,5000,
1523997477,1.4,4.550000000000409,42.22371714696902,326860.8,31.74999999998363,0,68.25000000001637,45,3051,3080,1,2,6,4,1004,1008,405,2308,2423,50,866,1218,0,0,0,1474,2808,2992,36,47,57,1000,2000,3000,4000,5000,
1523997479,1,1.1500000000006594,42.30114435157041,31129.6,20.250000000005457,4915.2,79.74999999999454,45,3051,3080,1,2,6,4,1004,1008,405,2308,2423,50,866,1218,0,0,0,1474,2808,2992,36,47,57,1000,2000,3000,4000,5000,
1523997481,1,1.1500000000006594,42.30114435157041,31129.6,20.250000000005457,4915.2,79.74999999999454,45,3051,3080,1,2,6,4,1004,1008,405,2308,2423,50,866,1218,0,0,0,1474,2808,2992,36,47,57,1000,2000,3000,4000,5000,
1523997483,0.6000000000000001,1.1500000000006594,42.30114435157041,31129.6,20.250000000005457,4915.2,79.74999999999454,45,3051,3080,1,2,6,4,1004,1008,405,2308,2423,50,866,1218,0,0,0,1474,2808,2992,36,47,57,1000,2000,3000,4000,5000,
1523997485,0.6000000000000001,1.2499999999994313,42.39614195215909,1.6949248e+06,17.150000000001455,0,82.84999999999854,45,3051,3080,1,2,6,4,1004,1008,405,2308,2423,50,866,1218,0,0,0,1474,2808,2992,36,47,57,1000,2000,3000,4000,5000,
1523997487,0.6000000000000001,1.2499999999994313,42.39614195215909,1.6949248e+06,17.150000000001455,0,82.84999999999854,45,3051,3080,1,2,6,4,1004,1008,405,2308,2423,50,866,1218,0,0,0,1474,2808,2992,36,47,57,1000,2000,3000,4000,5000,
1523997489,1,1.099999999999568,42.32500387258379,120422.4,16.149999999997817,2457.6,83.85000000000218,45,3051,3080,1,2,6,4,1004,1008,405,2308,2423,50,866,1218,0,0,0,1474,2808,2992,36,47,57,1000,2000,3000,4000,5000,
1523997491,1,1.099999999999568,42.32500387258379,120422.4,16.149999999997817,2457.6,83.85000000000218,45,3051,3080,1,2,6,4,1004,1008,405,2308,2423,50,866,1218,0,0,0,1474,2808,2992,36,47,57,1000,2000,3000,4000,5000,
1523997493,1,1.099999999999568,42.32500387258379,120422.4,16.149999999997817,2457.6,83.85000000000218,45,3051,3080,1,2,6,4,1004,1008,405,2308,2423,50,866,1218,0,0,0,1474,2808,2992,36,47,57,1000,2000,3000,4000,5000,
1523997495,1,1.5500000000002958,41.89746572732752,38502.4,14.499999999998181,0,85.50000000000182,45,3051,3080,1,2,6,4,1004,1008,405,2308,2423,50,866,1218,0,0,0,1474,2808,2992,36,47,57,1000,2000,3000,4000,5000,
1523997497,1,1.5500000000002958,41.89746572732752,38502.4,14.499999999998181,0,85.50000000000182,45,3051,3080,1,2,6,4,1004,1008,405,2308,2423,50,866,1218,0,0,0,1474,2808,2992,36,47,57,1000,2000,3000,4000,5000,
1523997499,0.8,1.2000000000000453,41.971882961585685,69632,15.750000000007276,5734.4,84.24999999999272,45,3051,3080,1,2,6,4,1004,1008,405,2308,2423,50,866,1218,0,0,0,1474,2808,2992,36,47,57,1000,2000,3000,4000,5000,
1523997501,0.8,1.2000000000000453,41.971882961585685,69632,15.750000000007276,5734.4,84.24999999999272,45,3051,3080,1,2,6,4,1004,1008,405,2308,2423,50,866,1218,0,0,0,1474,2808,2992,36,47,57,1000,2000,3000,4000,5000,
1523997503,1,1.2000000000000453,41.971882961585685,69632,15.750000000007276,5734.4,84.24999999999272,45,3051,3080,1,2,6,4,1004,1008,405,2308,2423,50,866,1218,0,0,0,1474,2808,2992,36,47,57,1000,2000,3000,4000,5000,
1523997505,1,1.4500000000003865,41.98022767611447,479232,17.649999999985084,0,82.35000000001492,45,3051,3080,1,2,6,4,1004,1008,405,2308,2423,50,866,1218,0,0,0,1474,2808,2992,36,47,57,1000,2000,3000,4000,5000,
1523997507,1,1.4500000000003865,41.98022767611447,479232,17.649999999985084,0,82.35000000001492,45,3051,3080,1,2,6,4,1004,1008,405,2308,2423,50,866,1218,0,0,0,1474,2808,2992,36,47,57,1000,2000,3000,4000,5000,
1523997509,1.2,0.89999999999975,41.97249474417577,66355.2,22.50000000001819,5734.4,77.49999999998181,45,3051,3080,1,2,6,4,1004,1008,405,2308,2423,50,866,1218,0,0,0,1474,2808,2992,36,47,57,1000,2000,3000,4000,5000,
1523997511,1.2,0.89999999999975,41.97249474417577,66355.2,22.50000000001819,5734.4,77.49999999998181,45,3051,3080,1,2,6,4,1004,1008,405,2308,2423,50,866,1218,0,0,0,1474,2808,2992,36,47,57,1000,2000,3000,4000,5000,
1523997513,1.8,0.89999999999975,41.97249474417577,66355.2,22.50000000001819,5734.4,77.49999999998181,45,3051,3080,1,2,6,4,1004,1008,405,2308,2423,50,755,1218,0,0,0,1445,2781,2992,36,47,57,1000,2000,3000,4000,5000,
1523997515,1.8,9.349999999999453,41.903338840192355,486604.8,22.69999999999527,0,77.30000000000472,45,3051,3080,1,2,6,4,1004,1008,405,2308,2423,50,755,1218,0,0,0,1445,2781,2992,36,47,57,1000,2000,3000,4000,5000,
1523997517,1.8,9.349999999999453,41.903338840192355,486604.8,22.69999999999527,0,77.30000000000472,45,3051,3080,1,2,6,4,1004,1008,405,2308,2423,50,755,1218,0,0,0,1445,2781,2992,36,47,57,1000,2000,3000,4000,5000,
1523997519,1.2000000000000002,1.350000000001046,41.9776581892361,78643.2,16.599999999998545,3276.8,83.40000000000146,45,3040,3080,1,2,6,4,1004,1008,405,2308,2423,50,755,1218,0,0,0,1445,2781,2992,36,46,57,1000,2000,3000,4000,5000,
1523997521,1.2000000000000002,1.350000000001046,41.9776581892361,78643.2,16.599999999998545,3276.8,83.40000000000146,45,3040,3080,1,2,6,4,1004,1008,405,2308,2423,50,755,1218,0,0,0,1445,2781,2992,36,46,57,1000,2000,3000,4000,5000,
1523997523,0.6000000000000001,1.350000000001046,41.9776581892361,78643.2,16.599999999998545,3276.8,83.40000000000146,45,3040,3080,1,2,6,4,1004,1008,405,2308,2423,50,755,1218,0,0,0,1445,2781,2992,36,46,57,1000,2000,3000,4000,5000,
1523997525,0.6000000000000001,1.9499999999999316,41.82400287390989,1.3852672e+06,20.50000000000182,0,79.49999999999817,45,3040,3080,1,2,6,4,1004,1008,405,2308,2423,50,755,1218,0,0,0,1445,2781,2992,36,46,57,1000,2000,3000,4000,5000,
1523997527,0.6000000000000001,1.9499999999999316,41.82400287390989,1.3852672e+06,20.50000000000182,0,79.49999999999817,45,3040,3080,1,2,6,4,1004,1008,405,2308,2423,50,755,1218,0,0,0,1445,2781,2992,36,46,57,1000,2000,3000,4000,5000,
1523997529,1,1.0999999999989996,41.753085036067034,2.5993216e+06,20.599999999994907,3276.8,79.4000000000051,45,3040,3080,1,2,6,4,1004,1008,393,2300,2423,50,755,1218,0,0,0,1445,2781,2992,36,46,57,1000,2000,3000,4000,5000,
1523997531,1,1.0999999999989996,41.753085036067034,2.5993216e+06,20.599999999994907,3276.8,79.4000000000051,45,3040,3080,1,2,6,4,1004,1008,393,2300,2423,50,755,1218,0,0,0,1445,2781,2992,36,46,57,1000,2000,3000,4000,5000,
1523997533,0.8,1.0999999999989996,41.753085036067034,2.5993216e+06,20.599999999994907,3276.8,79.4000000000051,45,3040,3080,1,2,6,4,1004,1008,393,2300,2423,50,755,1218,0,0,0,1445,2781,2992,36,46,57,1000,2000,3000,4000,5000,
1523997535,0.8,0.9500000000002728,41.862545177085366,103219.2,15.200000000004366,0,84.79999999999563,45,3040,3080,1,2,6,4,1004,1008,393,2300,2423,50,755,1218,0,0,0,1445,2781,2992,36,46,57,1000,2000,3000,4000,5000,
1523997537,0.8,0.9500000000002728,41.862545177085366,103219.2,15.200000000004366,0,84.79999999999563,45,3040,3080,1,2,6,4,1004,1008,393,2300,2423,50,755,1218,0,0,0,1445,2781,2992,36,46,57,1000,2000,3000,4000,5000,
1523997539,1.4000000000000001,12.400000000000091,41.85767538766827,746291.2,30.649999999986903,2457.6,69.3500000000131,45,3040,3080,1,2,6,4,1004,1008,393,2300,2423,50,755,1218,0,0,0,1445,2781,2992,36,46,57,1000,2000,3000,4000,5000,
1523997541,1.4000000000000001,12.400000000000091,41.85767538766827,746291.2,30.649999999986903,2457.6,69.3500000000131,45,3040,3080,1,2,6,4,1004,1008,393,2300,2423,50,755,1218,0,0,0,1445,2781,2992,36,46,57,1000,2000,3000,4000,5000,
1523997543,1.2000000000000002,12.400000000000091,41.85767538766827,746291.2,30.649999999986903,2457.6,69.3500000000131,45,3040,3080,1,2,6,4,1004,1008,393,2300,2423,50,755,1218,0,0,0,1474,2781,2992,36,46,57,1000,2000,3000,4000,5000,
1523997545,1.2000000000000002,8.65000000000066,41.875784152334845,462848,31.2000000000171,0,68.7999999999829,45,3040,3080,1,2,6,4,1004,1008,393,2300,2423,50,755,1218,0,0,0,1474,2781,2992,36,46,57,1000,2000,3000,4000,5000,
1523997547,1.2000000000000002,8.65000000000066,41.875784152334845,462848,31.2000000000171,0,68.7999999999829,45,3040,3080,1,2,6,4,1004,1008,393,2300,2423,50,755,1218,0,0,0,1474,2781,2992,36,46,57,1000,2000,3000,4000,5000,
1523997549,1.4,7.899999999999636,41.8726518254736,512000,28.00000000000182,819.2,71.99999999999818,45,3040,3080,1,2,3,4,1004,1008,393,2300,2423,50,755,1218,0,0,0,1474,2781,2992,36,46,57,1000,2000,3000,4000,5000,
1523997551,1.4,7.899999999999636,41.8726518254736,512000,28.00000000000182,819.2,71.99999999999818,45,3040,3080,1,2,3,4,1004,1008,393,2300,2423,50,755,1218,0,0,0,1474,2781,2992,36,46,57,1000,2000,3000,4000,5000,
1523997553,1.2000000000000002,7.899999999999636,41.8726518254736,512000,28.00000000000182,819.2,71.99999999999818,45,3040,3080,1,2,3,4,1004,1008,393,2300,2423,50,755,1218,0,0,0,1474,2781,2992,37,46,57,1000,2000,3000,4000,5000,
1523997555,1.2000000000000002,1.299999999999386,41.87527025495917,82739.2,15.100000000002183,0,84.89999999999782,45,3040,3080,1,2,3,4,1004,1008,393,2300,2423,50,755,1218,0,0,0,1474,2781,2992,37,46,57,1000,2000,3000,4000,5000,
1523997557,1.2000000000000002,1.299999999999386,41.87527025495917,82739.2,15.100000000002183,0,84.89999999999782,45,3040,3080,1,2,3,4,1004,1008,393,2300,2423,50,755,1218,0,0,0,1474,2781,2992,37,46,57,1000,2000,3000,4000,5000,
1523997559,1,1.1000000000001364,41.87771738531952,70451.2,16.149999999988722,0,83.85000000001128,45,3040,3080,1,2,3,4,1003,1008,393,2300,2423,50,755,1218,0,0,0,1474,2781,2992,37,46,57,1000,2000,3000,4000,5000,
1523997561,1,1.1000000000001364,41.87771738531952,70451.2,16.149999999988722,0,83.85000000001128,45,3040,3080,1,2,3,4,1003,1008,393,2300,2423,50,755,1218,0,0,0,1474,2781,2992,37,46,57,1000,2000,3000,4000,5000,
1523997563,0.6000000000000001,1.1000000000001364,41.87771738531952,70451.2,16.149999999988722,0,83.85000000001128,45,3040,3080,1,2,3,4,1003,1008,393,2300,2423,50,755,1218,0,0,0,1474,2781,2992,37,46,57,1000,2000,3000,4000,5000,
1523997565,0.6000000000000001,1.2000000000000455,41.90194397588696,93388.8,17.20000000000256,0,82.79999999999745,45,3040,3080,1,2,3,4,1003,1008,393,2300,2423,50,755,1218,0,0,0,1474,2781,2992,37,46,57,1000,2000,3000,4000,5000,
1523997567,0.6000000000000001,1.2000000000000455,41.90194397588696,93388.8,17.20000000000256,0,82.79999999999745,45,3040,3080,1,2,3,4,1003,1008,393,2300,2423,50,755,1218,0,0,0,1474,2781,2992,37,46,57,1000,2000,3000,4000,5000,
1523997569,1.2000000000000002,5.450000000000159,41.91792373714002,758579.2,21.299999999991996,4915.2,78.700000000008,45,3040,3080,1,2,3,4,1003,1008,342,2300,2423,50,755,1218,0,0,0,1474,2781,2992,37,46,57,1000,2000,3000,4000,5000,
1523997571,1.2000000000000002,5.450000000000159,41.91792373714002,758579.2,21.299999999991996,4915.2,78.700000000008,45,3040,3080,1,2,3,4,1003,1008,342,2300,2423,50,755,1218,0,0,0,1474,2781,2992,37,46,57,1000,2000,3000,4000,5000,
1523997573,2,5.450000000000159,41.91792373714002,758579.2,21.299999999991996,4915.2,78.700000000008,45,3040,3080,1,2,3,4,1003,1008,342,2300,2423,50,755,1218,0,0,0,1474,2781,2992,39,46,57,1000,2000,3000,4000,5000,
1523997575,2,13.900000000000434,41.90561467142748,706969.6,32.100000000000364,3276.8,67.89999999999962,45,3040,3080,1,2,3,4,1003,1008,342,2300,2423,50,755,1218,0,0,0,1474,2781,2992,39,46,57,1000,2000,3000,4000,5000,
1523997577,2,13.900000000000434,41.90561467142748,706969.6,32.100000000000364,3276.8,67.89999999999962,45,3040,3080,1,2,3,4,1003,1008,342,2300,2423,50,755,1218,0,0,0,1474,2781,2992,39,46,57,1000,2000,3000,4000,5000,
1523997579,1.4,7.699999999999249,41.92577902559674,363724.8,23.350000000000364,0,76.64999999999964,45,3040,3080,1,2,3,4,1003,1008,342,2300,2423,50,755,1218,0,0,0,1474,2781,2992,39,46,57,1000,2000,3000,4000,5000,
1523997581,1.4,7.699999999999249,41.92577902559674,363724.8,23.350000000000364,0,76.64999999999964,45,3040,3080,1,2,3,4,1003,1008,342,2300,2423,50,755,1218,0,0,0,1474,2781,2992,39,46,57,1000,2000,3000,4000,5000,
1523997583,1.6,7.699999999999249,41.92577902559674,363724.8,23.350000000000364,0,76.64999999999964,45,3040,3080,1,2,3,4,1003,1008,342,2300,2423,50,697,1218,0,0,0,1474,2781,2992,37,46,57,1000,2000,3000,4000,5000,
1523997585,1.6,6.450000000000386,41.924775702149,376012.8,22.500000000000014,0,77.50000000000001,45,3040,3080,1,2,3,4,1003,1008,342,2300,2423,50,697,1218,0,0,0,1474,2781,2992,37,46,57,1000,2000,3000,4000,5000,
1523997587,1.6,6.450000000000386,41.924775702149,376012.8,22.500000000000014,0,77.50000000000001,45,3040,3080,1,2,3,4,1003,1008,342,2300,2423,50,697,1218,0,0,0,1474,2781,2992,37,46,57,1000,2000,3000,4000,5000,
1523997589,1,1.0500000000001821,41.79928685727039,93388.8,22.5,0,77.5,45,3040,3080,1,2,3,4,1003,1008,342,2300,2423,50,697,1218,0,0,0,1445,2705,2992,37,46,57,1000,2000,3000,4000,5000,
1523997591,1,1.0500000000001821,41.79928685727039,93388.8,22.5,0,77.5,45,3040,3080,1,2,3,4,1003,1008,342,2300,2423,50,697,1218,0,0,0,1445,2705,2992,37,46,57,1000,2000,3000,4000,5000,
1523997593,0.6000000000000001,1.0500000000001821,41.79928685727039,93388.8,22.5,0,77.5,45,3040,3080,1,2,3,4,1003,1008,342,2300,2423,50,697,1218,0,0,0,1445,2705,2992,39,46,57,1000,2000,3000,4000,5000,
1523997595,0.6000000000000001,1.0499999999996135,41.770949087697566,53248,16.050000000004744,0,83.94999999999526,45,3040,3080,1,2,3,4,1003,1008,342,2300,2423,50,697,1218,0,0,0,1445,2705,2992,39,46,57,1000,2000,3000,4000,5000,
1523997597,0.6000000000000001,1.0499999999996135,41.770949087697566,53248,16.050000000004744,0,83.94999999999526,45,3040,3080,1,2,3,4,1003,1008,342,2300,2423,50,697,1218,0,0,0,1445,2705,2992,39,46,57,1000,2000,3000,4000,5000,
1523997599,1.2000000000000002,5.949999999999704,41.31211214513245,371097.6,24.74999999999453,10649.6,75.25000000000546,45,3040,3080,1,2,3,4,1003,1008,342,2300,2423,50,697,1218,0,0,0,1445,2705,2992,39,46,57,1000,2000,3000,4000,5000,
1523997601,1.2000000000000002,5.949999999999704,41.31211214513245,371097.6,24.74999999999453,10649.6,75.25000000000546,45,3040,3080,1,2,3,4,1003,1008,342,2300,2423,50,697,1218,0,0,0,1445,2705,2992,39,46,57,1000,2000,3000,4000,5000,
1523997603,0.8,5.949999999999704,41.31211214513245,371097.6,24.74999999999453,10649.6,75.25000000000546,45,3040,3080,1,2,3,4,1003,1008,342,2300,2423,50,697,1218,0,0,0,1383,2705,2992,39,46,57,1000,2000,3000,4000,5000,
1523997605,0.8,1.0000000000007958,41.310717280827056,36044.8,18.24999999999818,0,81.75000000000182,45,3040,3080,1,2,3,4,1003,1008,342,2300,2423,50,697,1218,0,0,0,1383,2705,2992,39,46,57,1000,2000,3000,4000,5000,
1523997607,0.8,1.0000000000007958,41.310717280827056,36044.8,18.24999999999818,0,81.75000000000182,45,3040,3080,1,2,3,4,1003,1008,342,2300,2423,50,697,1218,0,0,0,1383,2705,2992,39,46,57,1000,2000,3000,4000,5000,
1523997609,1,2.049999999999841,41.297282535148746,558694.4,16.800000000012005,4915.2,83.199999999988,45,3040,3080,1,2,3,4,1003,1008,330,2300,2423,50,697,1218,0,0,0,1383,2705,2992,37,46,57,1000,2000,3000,4000,5000,
1523997611,1,2.049999999999841,41.297282535148746,558694.4,16.800000000012005,4915.2,83.199999999988,45,3040,3080,1,2,3,4,1003,1008,330,2300,2423,50,697,1218,0,0,0,1383,2705,2992,37,46,57,1000,2000,3000,4000,5000,
1523997613,0.6000000000000001,2.049999999999841,41.297282535148746,558694.4,16.800000000012005,4915.2,83.199999999988,45,3040,3080,1,2,3,4,1003,1008,330,2300,2423,50,697,1218,0,0,0,1383,2705,2992,37,46,57,1000,2000,3000,4000,5000,
1523997615,0.6000000000000001,1.5500000000002956,41.30978737129012,231014.4,15.15000000000326,0,84.84999999999673,45,3040,3080,1,2,3,4,1003,1008,330,2300,2423,50,697,1218,0,0,0,1383,2705,2992,37,46,57,1000,2000,3000,4000,5000,
1523997617,0.6000000000000001,1.5500000000002956,41.30978737129012,231014.4,15.15000000000326,0,84.84999999999673,45,3040,3080,1,2,3,4,1003,1008,330,2300,2423,50,697,1218,0,0,0,1383,2705,2992,37,46,57,1000,2000,3000,4000,5000,
1523997619,0.8,1.8500000000000227,41.419687995773316,121241.6,28.749999999990905,3276.8,71.2500000000091,45,3040,3080,1,2,3,4,1003,1008,330,2300,2423,50,697,1218,0,0,0,1383,2705,2992,37,46,57,1000,2000,3000,4000,5000,
1523997621,0.8,1.8500000000000227,41.419687995773316,121241.6,28.749999999990905,3276.8,71.2500000000091,45,3040,3080,1,2,3,4,1003,1008,330,2300,2423,50,697,1218,0,0,0,1383,2705,2992,37,46,57,1000,2000,3000,4000,5000,
1523997623,0.8,1.8500000000000227,41.419687995773316,121241.6,28.749999999990905,3276.8,71.2500000000091,45,3040,3080,1,2,3,4,1003,1008,325,2300,2423,50,697,1218,0,0,0,1383,2705,2992,37,46,57,1000,2000,3000,4000,5000,
1523997625,0.8,0.749999999999318,41.51493030939803,58982.4,25.100000000011278,0,74.89999999998872,45,3040,3080,1,2,3,4,1003,1008,325,2300,2423,50,697,1218,0,0,0,1383,2705,2992,37,46,57,1000,2000,3000,4000,5000,
1523997627,0.8,0.749999999999318,41.51493030939803,58982.4,25.100000000011278,0,74.89999999998872,45,3040,3080,1,2,3,4,1003,1008,325,2300,2423,50,697,1218,0,0,0,1383,2705,2992,37,46,57,1000,2000,3000,4000,5000,
1523997629,1,1.1000000000001364,41.51735296845478,35225.6,20.84999999999127,3276.8,79.15000000000873,45,3040,3080,1,2,3,4,1003,1008,325,2300,2423,50,697,1218,0,0,0,1383,2705,2992,37,46,57,1000,2000,3000,4000,5000,
1523997631,1,1.1000000000001364,41.51735296845478,35225.6,20.84999999999127,3276.8,79.15000000000873,45,3040,3080,1,2,3,4,1003,1008,325,2300,2423,50,697,1218,0,0,0,1383,2705,2992,37,46,57,1000,2000,3000,4000,5000,
1523997633,1.4000000000000001,1.1000000000001364,41.51735296845478,35225.6,20.84999999999127,3276.8,79.15000000000873,45,3040,3080,1,2,3,4,1003,1008,325,2300,2423,50,697,1218,0,0,0,1383,2705,2992,37,46,57,1000,2000,3000,4000,5000,
1523997635,1.4000000000000001,10.500000000000114,41.550609470051896,630784,29.899999999997817,1638.4,70.10000000000218,45,3040,3080,1,2,3,4,1003,1008,325,2300,2423,50,697,1218,0,0,0,1383,2705,2992,37,46,57,1000,2000,3000,4000,5000,
1523997637,1.4000000000000001,10.500000000000114,41.550609470051896,630784,29.899999999997817,1638.4,70.10000000000218,45,3040,3080,1,2,3,4,1003,1008,325,2300,2423,50,697,1218,0,0,0,1383,2705,2992,37,46,57,1000,2000,3000,4000,5000,
1523997639,1.2000000000000002,6.650000000000205,41.50152003502333,566067.2,26.000000000003638,4096,73.99999999999636,45,3040,3080,1,2,3,4,1003,1008,325,2300,2423,50,697,1218,0,0,0,1445,2705,2992,37,46,57,1000,2000,3000,4000,5000,
1523997641,1.2000000000000002,6.650000000000205,41.50152003502333,566067.2,26.000000000003638,4096,73.99999999999636,45,3040,3080,1,2,3,4,1003,1008,325,2300,2423,50,697,1218,0,0,0,1445,2705,2992,37,46,57,1000,2000,3000,4000,5000,
1523997643,0.6000000000000001,6.650000000000205,41.50152003502333,566067.2,26.000000000003638,4096,73.99999999999636,45,3040,3080,1,2,3,4,1003,1008,325,2300,2423,50,697,1218,0,0,0,1445,2705,2992,37,46,57,1000,2000,3000,4000,5000,
1523997645,0.6000000000000001,0.89999999999975,41.50587592706475,582451.2,17.250000000003652,819.2,82.74999999999638,45,3040,3080,1,2,3,4,1003,1008,325,2300,2423,50,697,1218,0,0,0,1445,2705,2992,37,46,57,1000,2000,3000,4000,5000,
1523997647,0.6000000000000001,0.89999999999975,41.50587592706475,582451.2,17.250000000003652,819.2,82.74999999999638,45,3040,3080,1,2,3,4,1003,1008,325,2300,2423,50,697,1218,0,0,0,1445,2705,2992,37,46,57,1000,2000,3000,4000,5000,
1523997649,1.2000000000000002,5.550000000000637,41.50019858462875,3.7527552e+06,14.699999999993452,5734.4,85.30000000000655,45,3040,3080,1,2,3,4,1003,1007,325,2300,2423,50,697,1218,0,0,0,1445,2705,2992,39,46,57,1000,2000,3000,4000,5000,
1523997651,1.2000000000000002,5.550000000000637,41.50019858462875,3.7527552e+06,14.699999999993452,5734.4,85.30000000000655,45,3040,3080,1,2,3,4,1003,1007,325,2300,2423,50,697,1218,0,0,0,1445,2705,2992,39,46,57,1000,2000,3000,4000,5000,
1523997653,2,5.550000000000637,41.50019858462875,3.7527552e+06,14.699999999993452,5734.4,85.30000000000655,45,3040,3080,1,2,6,4,1003,1007,325,2300,2423,50,723,1218,0,0,0,1383,2705,2992,37,46,57,1000,2000,3000,4000,5000,
1523997655,2,6.599999999999681,41.38523240029963,650444.8,24.55000000000838,0,75.44999999999165,45,3040,3080,1,2,6,4,1003,1007,325,2300,2423,50,723,1218,0,0,0,1383,2705,2992,37,46,57,1000,2000,3000,4000,5000,
1523997657,2,6.599999999999681,41.38523240029963,650444.8,24.55000000000838,0,75.44999999999165,45,3040,3080,1,2,6,4,1003,1007,325,2300,2423,50,723,1218,0,0,0,1383,2705,2992,37,46,57,1000,2000,3000,4000,5000,
1523997659,0.6000000000000001,0.9999999999996589,41.36046744105291,182681.6,16.199999999989814,4096,83.80000000001017,45,3040,3080,1,2,6,4,1003,1007,325,2300,2423,50,723,1218,NaN,NaN,NaN,1383,2705,2992,37,46,57,1000,2000,3000,4000,5000,
1523997661,0.6000000000000001,0.9999999999996589,41.36046744105291,182681.6,16.199999999989814,4096,83.80000000001017,45,3040,3080,1,2,6,4,1003,1007,325,2300,2423,50,723,1218,NaN,NaN,NaN,1383,2705,2992,37,46,57,1000,2000,3000,4000,5000,
1523997663,0.8,0.9999999999996589,41.36046744105291,182681.6,16.199999999989814,4096,83.80000000001017,45,89,91,1,2,6,4,1003,1007,325,2300,2423,50,723,1218,NaN,NaN,NaN,1383,2705,2992,37,46,57,1000,2000,3000,4000,5000,
1523997665,0.8,1.0999999999995682,41.460481658880305,104857.6,16.750000000010928,0,83.24999999998907,45,89,91,1,2,6,4,1003,1007,325,2300,2423,50,723,1218,NaN,NaN,NaN,1383,2705,2992,37,46,57,1000,2000,3000,4000,5000,
1523997667,0.8,1.0999999999995682,41.460481658880305,104857.6,16.750000000010928,0,83.24999999998907,45,89,91,1,2,6,4,1003,1007,325,2300,2423,50,723,1218,NaN,NaN,NaN,1383,2705,2992,37,46,57,1000,2000,3000,4000,5000,
1523997669,0.8,1.1000000000007049,41.45578316858844,86016,21.349999999993074,3276.8,78.6500000000069,45,89,91,1,2,6,4,1003,1007,325,2300,2423,50,723,1218,NaN,NaN,NaN,1383,2705,2992,37,46,57,1000,2000,3000,4000,5000,
1523997671,0.8,1.1000000000007049,41.45578316858844,86016,21.349999999993074,3276.8,78.6500000000069,45,89,91,1,2,6,4,1003,1007,325,2300,2423,50,723,1218,NaN,NaN,NaN,1383,2705,2992,37,46,57,1000,2000,3000,4000,5000,
1523997673,1,1.1000000000007049,41.45578316858844,86016,21.349999999993074,3276.8,78.6500000000069,45,89,91,1,2,3,4,1003,1007,325,2300,2423,50,723,1218,NaN,NaN,NaN,1383,2705,2992,37,46,57,1000,2000,3000,4000,5000,
1523997675,1,4.6999999999997035,41.53930372778709,272793.6,36.300000000001084,23756.8,63.699999999998916,45,89,91,1,2,3,4,1003,1007,325,2300,2423,50,723,1218,NaN,NaN,NaN,1383,2705,2992,37,46,57,1000,2000,3000,4000,5000,
1523997677,1,4.6999999999997035,41.53930372778709,272793.6,36.300000000001084,23756.8,63.699999999998916,45,89,91,1,2,3,4,1003,1007,325,2300,2423,50,723,1218,NaN,NaN,NaN,1383,2705,2992,37,46,57,1000,2000,3000,4000,5000,
1523997679,1.4,11.100000000000136,41.58748772458233,611942.4,34.19999999999163,4096,65.80000000000837,45,89,91,1,2,3,4,1003,1007,325,2300,2423,50,747,1218,NaN,NaN,NaN,1445,2705,2992,37,46,57,1000,2000,3000,4000,5000,
1523997681,1.4,11.100000000000136,41.58748772458233,611942.4,34.19999999999163,4096,65.80000000000837,45,89,91,1,2,3,4,1003,1007,325,2300,2423,50,747,1218,NaN,NaN,NaN,1445,2705,2992,37,46,57,1000,2000,3000,4000,5000,
1523997683,1.2000000000000002,11.100000000000136,41.58748772458233,611942.4,34.19999999999163,4096,65.80000000000837,45,89,91,1,2,3,4,1003,1007,325,2300,2423,50,747,1218,NaN,NaN,NaN,1445,2705,2992,39,46,57,1000,2000,3000,4000,5000,
1523997685,1.2000000000000002,1.3499999999999088,41.68662097548,81920,23.100000000004002,0,76.899999999996,45,89,91,1,2,3,4,1003,1007,325,2300,2423,50,747,1218,NaN,NaN,NaN,1445,2705,2992,39,46,57,1000,2000,3000,4000,5000,
1523997687,1.2000000000000002,1.3499999999999088,41.68662097548,81920,23.100000000004002,0,76.899999999996,45,89,91,1,2,3,4,1003,1007,325,2300,2423,50,747,1218,NaN,NaN,NaN,1445,2705,2992,39,46,57,1000,2000,3000,4000,5000,
1523997689,1.8,11.850000000000021,41.68789348326738,1.3467648e+06,42.849999999998545,3276.8,57.150000000001455,45,89,91,1,2,3,4,1003,1007,267,509,1160,50,723,1218,NaN,NaN,NaN,1445,2665,2992,39,46,57,1000,2000,3000,4000,5000,
1523997691,1.8,11.850000000000021,41.68789348326738,1.3467648e+06,42.849999999998545,3276.8,57.150000000001455,45,89,91,1,2,3,4,1003,1007,267,509,1160,50,723,1218,NaN,NaN,NaN,1445,2665,2992,39,46,57,1000,2000,3000,4000,5000,
1523997693,0.6000000000000001,11.850000000000021,41.68789348326738,1.3467648e+06,42.849999999998545,3276.8,57.150000000001455,45,89,91,1,2,3,3,6,14,267,509,1160,50,723,1218,NaN,NaN,NaN,1445,2665,2992,39,46,57,1000,2000,3000,4000,5000,
1523997695,0.6000000000000001,1.500000000000341,41.78722250459387,99123.2,31.000000000003638,0,68.99999999999638,45,89,91,1,2,3,3,6,14,267,509,1160,50,723,1218,NaN,NaN,NaN,1445,2665,2992,39,46,57,1000,2000,3000,4000,5000,
1523997697,0.6000000000000001,1.500000000000341,41.78722250459387,99123.2,31.000000000003638,0,68.99999999999638,45,89,91,1,2,3,3,6,14,267,509,1160,50,723,1218,NaN,NaN,NaN,1445,2665,2992,39,46,57,1000,2000,3000,4000,5000,
1523997699,1,1.8999999999999775,41.73681161917072,52428.8,25.94999999999345,4915.2,74.05000000000655,45,89,91,1,2,3,3,6,14,267,509,1160,50,723,1218,NaN,NaN,NaN,1445,2665,2992,39,46,57,1000,2000,3000,4000,5000,
1523997701,1,1.8999999999999775,41.73681161917072,52428.8,25.94999999999345,4915.2,74.05000000000655,45,89,91,1,2,3,3,6,14,267,509,1160,50,723,1218,NaN,NaN,NaN,1445,2665,2992,39,46,57,1000,2000,3000,4000,5000,
1523997703,1,1.8999999999999775,41.73681161917072,52428.8,25.94999999999345,4915.2,74.05000000000655,45,89,91,1,2,3,3,6,14,267,509,1160,50,723,1218,NaN,NaN,NaN,1445,2665,2992,39,46,57,1000,2000,3000,4000,5000,
1523997705,1,6.899999999999977,41.828016167700866,391577.6,40.100000000011285,0,59.899999999988715,45,89,91,1,2,3,3,6,14,267,509,1160,50,723,1218,NaN,NaN,NaN,1445,2665,2992,39,46,57,1000,2000,3000,4000,5000,
1523997707,1,6.899999999999977,41.828016167700866,391577.6,40.100000000011285,0,59.899999999988715,45,89,91,1,2,3,3,6,14,267,509,1160,50,723,1218,NaN,NaN,NaN,1445,2665,2992,39,46,57,1000,2000,3000,4000,5000,
1523997709,1.4,3.3499999999997954,41.84624728888545,164659.2,20.950000000002547,4096,79.04999999999744,45,89,91,1,2,3,3,6,14,319,509,1160,50,723,1218,NaN,NaN,NaN,1445,2665,2992,40,46,57,1000,2000,3000,4000,5000,
1523997711,1.4,3.3499999999997954,41.84624728888545,164659.2,20.950000000002547,4096,79.04999999999744,45,89,91,1,2,3,3,6,14,319,509,1160,50,723,1218,NaN,NaN,NaN,1445,2665,2992,40,46,57,1000,2000,3000,4000,5000,
1523997713,0.8,3.3499999999997954,41.84624728888545,164659.2,20.950000000002547,4096,79.04999999999744,45,89,91,1,2,3,3,6,14,319,509,1160,50,723,1218,NaN,NaN,NaN,1445,2665,2992,40,46,57,1000,2000,3000,4000,5000,
1523997715,0.8,1.150000000000091,41.76120950886338,69632,11.699999999991633,0,88.30000000000837,45,89,91,1,2,3,3,6,14,319,509,1160,50,723,1218,NaN,NaN,NaN,1445,2665,2992,40,46,57,1000,2000,3000,4000,5000,
1523997717,0.8,1.150000000000091,41.76120950886338,69632,11.699999999991633,0,88.30000000000837,45,89,91,1,2,3,3,6,14,319,509,1160,50,723,1218,NaN,NaN,NaN,1445,2665,2992,40,46,57,1000,2000,3000,4000,5000,
1523997719,1.4,9.349999999999454,41.677640007057526,468582.4,31.399999999994193,3276.8,68.60000000000582,45,89,91,1,2,3,3,6,14,311,509,1160,50,723,1218,NaN,NaN,NaN,1445,2665,2992,40,46,57,1000,2000,3000,4000,5000,
1523997721,1.4,9.349999999999454,41.677640007057526,468582.4,31.399999999994193,3276.8,68.60000000000582,45,89,91,1,2,3,3,6,14,311,509,1160,50,723,1218,NaN,NaN,NaN,1445,2665,2992,40,46,57,1000,2000,3000,4000,5000,
1523997723,1.6,9.349999999999454,41.677640007057526,468582.4,31.399999999994193,3276.8,68.60000000000582,45,89,102,1,2,3,3,6,14,311,509,1160,50,723,1218,NaN,NaN,NaN,1424,2665,2992,40,47,63,1000,2000,3000,4000,5000,
1523997725,1.6,1.9999999999998863,41.620450570536214,119603.2,18.900000000003274,0,81.09999999999673,45,89,102,1,2,3,3,6,14,311,509,1160,50,723,1218,NaN,NaN,NaN,1424,2665,2992,40,47,63,1000,2000,3000,4000,5000,
1523997727,1.6,1.9999999999998863,41.620450570536214,119603.2,18.900000000003274,0,81.09999999999673,45,89,102,1,2,3,3,6,14,311,509,1160,50,723,1218,NaN,NaN,NaN,1424,2665,2992,40,47,63,1000,2000,3000,4000,5000,
1523997729,0.4,1.1000000000007049,41.751836999583254,58163.2,16.850000000004002,12288,83.149999999996,45,89,102,1,2,3,3,6,14,311,509,1160,50,723,1218,NaN,NaN,NaN,1424,2665,2992,40,47,63,1000,2000,3000,4000,5000,
1523997731,0.4,1.1000000000007049,41.751836999583254,58163.2,16.850000000004002,12288,83.149999999996,45,89,102,1,2,3,3,6,14,311,509,1160,50,723,1218,NaN,NaN,NaN,1424,2665,2992,40,47,63,1000,2000,3000,4000,5000,
1523997733,1,1.1000000000007049,41.751836999583254,58163.2,16.850000000004002,12288,83.149999999996,45,89,102,1,2,3,3,6,14,311,509,1160,50,723,1218,NaN,NaN,NaN,1424,2665,2992,40,47,63,1000,2000,3000,4000,5000,
1523997735,1,1.2000000000000455,41.751616757850826,536576,17.34999999999674,0,82.65000000000326,45,89,102,1,2,3,3,6,14,311,509,1160,50,723,1218,NaN,NaN,NaN,1424,2665,2992,40,47,63,1000,2000,3000,4000,5000,
1523997737,1,1.2000000000000455,41.751616757850826,536576,17.34999999999674,0,82.65000000000326,45,89,102,1,2,3,3,6,14,311,509,1160,50,723,1218,NaN,NaN,NaN,1424,2665,2992,40,47,63,1000,2000,3000,4000,5000,
1523997739,0.8,1.449999999999818,41.67020073076207,93388.8,10.449999999991633,11468.8,89.55000000000837,45,89,102,1,2,3,3,6,14,311,509,1160,50,723,1218,NaN,NaN,NaN,1424,2665,2992,40,47,63,1000,2000,3000,4000,5000,
1523997741,0.8,1.449999999999818,41.67020073076207,93388.8,10.449999999991633,11468.8,89.55000000000837,45,89,102,1,2,3,3,6,14,311,509,1160,50,723,1218,NaN,NaN,NaN,1424,2665,2992,40,47,63,1000,2000,3000,4000,5000,
1523997743,0.8,1.449999999999818,41.67020073076207,93388.8,10.449999999991633,11468.8,89.55000000000837,45,89,102,1,2,3,3,6,14,267,509,1160,50,723,1218,NaN,NaN,NaN,1424,2665,2992,40,47,63,1000,2000,3000,4000,5000,
1523997745,0.8,0.8500000000003638,41.69748623427994,59801.6,14.750000000012733,0,85.24999999998727,45,89,102,1,2,3,3,6,14,267,509,1160,50,723,1218,NaN,NaN,NaN,1424,2665,2992,40,47,63,1000,2000,3000,4000,5000,
1523997747,0.8,0.8500000000003638,41.69748623427994,59801.6,14.750000000012733,0,85.24999999998727,45,89,102,1,2,3,3,6,14,267,509,1160,50,723,1218,NaN,NaN,NaN,1424,2665,2992,40,47,63,1000,2000,3000,4000,5000,
1523997749,0.8,0.7999999999998407,41.76847748603362,27033.6,14.549999999990177,2457.6,85.45000000000982,45,89,102,1,2,3,3,6,14,267,509,1160,50,723,1218,NaN,NaN,NaN,1424,2665,2992,40,47,63,1000,2000,3000,4000,5000,
1523997751,0.8,0.7999999999998407,41.76847748603362,27033.6,14.549999999990177,2457.6,85.45000000000982,45,89,102,1,2,3,3,6,14,267,509,1160,50,723,1218,NaN,NaN,NaN,1424,2665,2992,40,47,63,1000,2000,3000,4000,5000,
1523997753,1.2,0.7999999999998407,41.76847748603362,27033.6,14.549999999990177,2457.6,85.45000000000982,45,89,102,1,2,3,3,5,14,267,509,1160,50,723,1218,NaN,NaN,NaN,1424,2665,2992,40,47,63,1000,2000,3000,4000,5000,
1523997755,1.2,1.0999999999995682,41.79852824685868,308019.2,16.95000000001528,0,83.04999999998472,45,89,102,1,2,3,3,5,14,267,509,1160,50,723,1218,NaN,NaN,NaN,1424,2665,2992,40,47,63,1000,2000,3000,4000,5000,
1523997757,1.2,1.0999999999995682,41.79852824685868,308019.2,16.95000000001528,0,83.04999999998472,45,89,102,1,2,3,3,5,14,267,509,1160,50,723,1218,NaN,NaN,NaN,1424,2665,2992,40,47,63,1000,2000,3000,4000,5000,
1523997759,0.6000000000000001,2.149999999999182,41.72562823342393,95846.4,17.249999999985448,5734.4,82.75000000001455,45,89,102,1,2,3,3,5,14,267,509,1160,50,723,1218,NaN,NaN,NaN,1424,2665,2992,40,47,63,1000,2000,3000,4000,5000,
1523997761,0.6000000000000001,2.149999999999182,41.72562823342393,95846.4,17.249999999985448,5734.4,82.75000000001455,45,89,102,1,2,3,3,5,14,267,509,1160,50,723,1218,NaN,NaN,NaN,1424,2665,2992,40,47,63,1000,2000,3000,4000,5000,
1523997763,1,2.149999999999182,41.72562823342393,95846.4,17.249999999985448,5734.4,82.75000000001455,45,89,102,1,2,3,3,5,14,267,509,1160,50,723,1218,NaN,NaN,NaN,1424,2665,2992,40,47,63,1000,2000,3000,4000,5000,
1523997765,1,0.9500000000014098,41.821800456585585,65536,14.900000000006912,0,85.09999999999309,45,89,102,1,2,3,3,5,14,267,509,1160,50,723,1218,NaN,NaN,NaN,1424,2665,2992,40,47,63,1000,2000,3000,4000,5000,
1523997767,1,0.9500000000014098,41.821800456585585,65536,14.900000000006912,0,85.09999999999309,45,89,102,1,2,3,3,5,14,267,509,1160,50,723,1218,NaN,NaN,NaN,1424,2665,2992,40,47,63,1000,2000,3000,4000,5000,
1523997769,1.2,1.6999999999990225,41.83655665265847,186777.6,22.749999999996362,12288,77.25000000000364,45,89,102,1,2,3,3,5,9,267,509,1160,50,723,1218,NaN,NaN,NaN,1424,2665,2992,40,47,63,1000,2000,3000,4000,5000,
1523997771,1.2,1.6999999999990225,41.83655665265847,186777.6,22.749999999996362,12288,77.25000000000364,45,89,102,1,2,3,3,5,9,267,509,1160,50,723,1218,NaN,NaN,NaN,1424,2665,2992,40,47,63,1000,2000,3000,4000,5000,
1523997773,0.8,1.6999999999990225,41.83655665265847,186777.6,22.749999999996362,12288,77.25000000000364,45,89,102,1,2,6,3,5,10,267,509,1160,49,679,1154,NaN,NaN,NaN,1311,2574,2992,40,47,63,1000,2000,3000,4000,5000,
1523997775,0.8,5.25000000000034,41.84203822466566,2.9253632e+06,21.899999999995984,0,78.100000000004,45,89,102,1,2,6,3,5,10,267,509,1160,49,679,1154,NaN,NaN,NaN,1311,2574,2992,40,47,63,1000,2000,3000,4000,5000,
1523997777,0.8,5.25000000000034,41.84203822466566,2.9253632e+06,21.899999999995984,0,78.100000000004,45,89,102,1,2,6,3,5,10,267,509,1160,49,679,1154,NaN,NaN,NaN,1311,2574,2992,40,47,63,1000,2000,3000,4000,5000,
1523997779,2,4.099999999999682,41.85424940516379,208076.8,22.950000000000742,11468.8,77.04999999999927,45,89,102,1,2,6,3,5,10,267,509,1160,49,679,1154,NaN,NaN,NaN,1281,2574,2992,40,47,63,1000,2000,3000,4000,5000,
1523997781,2,4.099999999999682,41.85424940516379,208076.8,22.950000000000742,11468.8,77.04999999999927,45,89,102,1,2,6,3,5,10,267,509,1160,49,679,1154,NaN,NaN,NaN,1281,2574,2992,40,47,63,1000,2000,3000,4000,5000,
1523997783,0.8,4.099999999999682,41.85424940516379,208076.8,22.950000000000742,11468.8,77.04999999999927,45,89,102,1,2,6,3,5,10,267,509,1160,49,679,1154,NaN,NaN,NaN,1281,2574,2992,40,47,63,1000,2000,3000,4000,5000,
1523997785,0.8,1.4479728380277164,41.70331040453757,65444.37787098063,14.319952067106769,0,85.68004793289323,45,89,102,1,2,6,3,5,10,267,509,1160,49,679,1154,NaN,NaN,NaN,1281,2574,2992,40,47,63,1000,2000,3000,4000,5000,
1523997787,0.8,1.4479728380277164,41.70331040453757,65444.37787098063,14.319952067106769,0,85.68004793289323,45,89,102,1,2,6,3,5,10,267,509,1160,49,679,1154,NaN,NaN,NaN,1281,2574,2992,40,47,63,1000,2000,3000,4000,5000,
1523997789,0.6000000000000001,3.452762209767518,41.728833974195986,176269.01521216973,18.284627702171207,4919.135308246597,81.7153722978288,45,89,102,1,2,6,3,6,63,267,509,1160,49,679,1154,NaN,NaN,NaN,1281,2574,2992,40,47,63,1000,2000,3000,4000,5000,
1523997791,0.6000000000000001,3.452762209767518,41.728833974195986,176269.01521216973,18.284627702171207,4919.135308246597,81.7153722978288,45,89,102,1,2,6,3,6,63,267,509,1160,49,679,1154,NaN,NaN,NaN,1281,2574,2992,40,47,63,1000,2000,3000,4000,5000,
1523997793,2.2,3.452762209767518,41.728833974195986,176269.01521216973,18.284627702171207,4919.135308246597,81.7153722978288,45,89,102,1,2,3,3,6,1003,267,509,1160,49,697,1245,NaN,NaN,NaN,1311,2574,2992,40,47,63,1000,2000,3000,4000,5000,
1523997795,2.2,13.908345007004067,41.741779293802225,780346.6079647789,40.66439863918059,0,59.3356013608194,45,89,102,1,2,3,3,6,1003,267,509,1160,49,697,1245,NaN,NaN,NaN,1311,2574,2992,40,47,63,1000,2000,3000,4000,5000,
1523997797,2.2,13.908345007004067,41.741779293802225,780346.6079647789,40.66439863918059,0,59.3356013608194,45,89,102,1,2,3,3,6,1003,267,509,1160,49,697,1245,NaN,NaN,NaN,1311,2574,2992,40,47,63,1000,2000,3000,4000,5000,
1523997799,1.7999999999999998,9.399999999999409,41.745670231075174,675020.8,37.100000000000364,3276.8,62.89999999999962,45,91,3067,1,2,3,3,6,1003,311,575,2431,49,689,1245,NaN,NaN,NaN,1281,2574,2992,40,47,63,1000,2000,3000,4000,5000,
1523997801,1.7999999999999998,9.399999999999409,41.745670231075174,675020.8,37.100000000000364,3276.8,62.89999999999962,45,91,3067,1,2,3,3,6,1003,311,575,2431,49,689,1245,NaN,NaN,NaN,1281,2574,2992,40,47,63,1000,2000,3000,4000,5000,
1523997803,1,9.399999999999409,41.745670231075174,675020.8,37.100000000000364,3276.8,62.89999999999962,45,91,3067,1,2,3,3,6,1003,311,575,2431,49,689,1245,NaN,NaN,NaN,1311,2543,2992,40,47,63,1000,2000,3000,4000,5000,
1523997805,1,4.050000000000296,41.838587770857565,419430.4,38.45000000000254,0,61.54999999999746,45,91,3067,1,2,3,3,6,1003,311,575,2431,49,689,1245,NaN,NaN,NaN,1311,2543,2992,40,47,63,1000,2000,3000,4000,5000,
1523997807,1,4.050000000000296,41.838587770857565,419430.4,38.45000000000254,0,61.54999999999746,45,91,3067,1,2,3,3,6,1003,311,575,2431,49,689,1245,NaN,NaN,NaN,1311,2543,2992,40,47,63,1000,2000,3000,4000,5000,
1523997809,1,1.549999999999727,41.861933394495274,135987.2,24.64999999999236,6553.6,75.35000000000764,45,3016,3067,1,2,3,3,6,1005,311,442,2431,49,689,1245,NaN,NaN,NaN,1311,2543,2992,40,47,63,1000,2000,3000,4000,5000,
1523997811,1,1.549999999999727,41.861933394495274,135987.2,24.64999999999236,6553.6,75.35000000000764,45,3016,3067,1,2,3,3,6,1005,311,442,2431,49,689,1245,NaN,NaN,NaN,1311,2543,2992,40,47,63,1000,2000,3000,4000,5000,
1523997813,0.4,1.549999999999727,41.861933394495274,135987.2,24.64999999999236,6553.6,75.35000000000764,45,3016,3067,1,2,3,3,6,1005,311,442,2431,49,689,1245,NaN,NaN,NaN,1311,2543,2992,40,47,63,1000,2000,3000,4000,5000,
1523997815,0.4,1.3000000000010916,41.946457277141675,881459.2,30,0,70,45,3016,3067,1,2,3,3,6,1005,311,442,2431,49,689,1245,NaN,NaN,NaN,1311,2543,2992,40,47,63,1000,2000,3000,4000,5000,
1523997817,0.4,1.3000000000010916,41.946457277141675,881459.2,30,0,70,45,3016,3067,1,2,3,3,6,1005,311,442,2431,49,689,1245,NaN,NaN,NaN,1311,2543,2992,40,47,63,1000,2000,3000,4000,5000,
1523997819,1.6,5.149999999999295,41.873018895027656,482508.8,23.35000000000946,3276.8,76.64999999999054,45,3016,3067,1,2,3,3,6,1005,311,442,2431,49,689,1245,NaN,NaN,NaN,1281,2543,2992,40,47,63,1000,2000,3000,4000,5000,
1523997821,1.6,5.149999999999295,41.873018895027656,482508.8,23.35000000000946,3276.8,76.64999999999054,45,3016,3067,1,2,3,3,6,1005,311,442,2431,49,689,1245,NaN,NaN,NaN,1281,2543,2992,40,47,63,1000,2000,3000,4000,5000,
1523997823,0.6000000000000001,5.149999999999295,41.873018895027656,482508.8,23.35000000000946,3276.8,76.64999999999054,45,3017,3067,1,2,3,3,6,1005,319,509,2431,49,689,1245,NaN,NaN,NaN,1281,2543,2992,40,47,63,1000,2000,3000,4000,5000,
1523997825,0.6000000000000001,1.3000000000005232,41.95945153935512,35225.6,20.700000000006185,0,79.29999999999382,45,3017,3067,1,2,3,3,6,1005,319,509,2431,49,689,1245,NaN,NaN,NaN,1281,2543,2992,40,47,63,1000,2000,3000,4000,5000,
1523997827,0.6000000000000001,1.3000000000005232,41.95945153935512,35225.6,20.700000000006185,0,79.29999999999382,45,3017,3067,1,2,3,3,6,1005,319,509,2431,49,689,1245,NaN,NaN,NaN,1281,2543,2992,40,47,63,1000,2000,3000,4000,5000,
1523997829,0.4,3.299999999999273,42.25229962957788,161382.4,29.49999999997999,6553.6,70.50000000002001,45,3017,3067,1,2,3,3,6,1005,319,509,2431,49,689,1245,NaN,NaN,NaN,1281,2543,2992,40,47,63,1000,2000,3000,4000,5000,
1523997831,0.4,3.299999999999273,42.25229962957788,161382.4,29.49999999997999,6553.6,70.50000000002001,45,3017,3067,1,2,3,3,6,1005,319,509,2431,49,689,1245,NaN,NaN,NaN,1281,2543,2992,40,47,63,1000,2000,3000,4000,5000,
1523997833,0.6000000000000001,3.299999999999273,42.25229962957788,161382.4,29.49999999997999,6553.6,70.50000000002001,45,3017,3067,1,2,3,3,6,1005,319,509,2431,49,689,1245,NaN,NaN,NaN,1281,2543,2992,40,47,63,1000,2000,3000,4000,5000,
1523997835,0.6000000000000001,2.0000000000004547,42.32708393339009,197427.2,25.600000000004002,0,74.399999999996,45,3017,3067,1,2,3,3,6,1005,319,509,2431,49,689,1245,NaN,NaN,NaN,1281,2543,2992,40,47,63,1000,2000,3000,4000,5000,
1523997837,0.6000000000000001,2.0000000000004547,42.32708393339009,197427.2,25.600000000004002,0,74.399999999996,45,3017,3067,1,2,3,3,6,1005,319,509,2431,49,689,1245,NaN,NaN,NaN,1281,2543,2992,40,47,63,1000,2000,3000,4000,5000,
1523997839,1,3.8500000000004775,41.991631303593685,296550.4,44.650000000001455,6553.6,55.349999999998545,45,3017,3067,1,2,3,3,6,1005,320,2227,2431,49,689,1245,NaN,NaN,NaN,1281,2543,2992,40,47,63,1000,2000,3000,4000,5000,
1523997841,1,3.8500000000004775,41.991631303593685,296550.4,44.650000000001455,6553.6,55.349999999998545,45,3017,3067,1,2,3,3,6,1005,320,2227,2431,49,689,1245,NaN,NaN,NaN,1281,2543,2992,40,47,63,1000,2000,3000,4000,5000,
1523997843,0.4,3.8500000000004775,41.991631303593685,296550.4,44.650000000001455,6553.6,55.349999999998545,45,3017,3067,1,2,3,3,7,1005,320,2227,2431,49,689,1245,NaN,NaN,NaN,1281,2543,2992,40,47,63,1000,2000,3000,4000,5000,
1523997845,0.4,1.0499999999996135,42.18563979856202,96665.6,28.55000000000473,0,71.44999999999527,45,3017,3067,1,2,3,3,7,1005,320,2227,2431,49,689,1245,NaN,NaN,NaN,1281,2543,2992,40,47,63,1000,2000,3000,4000,5000,
1523997847,0.4,1.0499999999996135,42.18563979856202,96665.6,28.55000000000473,0,71.44999999999527,45,3017,3067,1,2,3,3,7,1005,320,2227,2431,49,689,1245,NaN,NaN,NaN,1281,2543,2992,40,47,63,1000,2000,3000,4000,5000,
1523997849,1,1.3999999999998636,41.918241864086866,108953.6,19.099999999998545,12288,80.90000000000146,45,3017,3067,1,2,3,4,8,1005,320,2227,2431,49,689,1245,NaN,NaN,NaN,1281,2543,2992,40,47,63,1000,2000,3000,4000,5000,
1523997851,1,1.3999999999998636,41.918241864086866,108953.6,19.099999999998545,12288,80.90000000000146,45,3017,3067,1,2,3,4,8,1005,320,2227,2431,49,689,1245,NaN,NaN,NaN,1281,2543,2992,40,47,63,1000,2000,3000,4000,5000,
1523997853,0.6000000000000001,1.3999999999998636,41.918241864086866,108953.6,19.099999999998545,12288,80.90000000000146,45,3017,3067,1,2,3,4,10,1005,320,2227,2431,49,689,1245,NaN,NaN,NaN,1281,2543,2992,40,47,63,1000,2000,3000,4000,5000,
1523997855,0.6000000000000001,0.9999999999996589,41.9550467047065,54067.2,23.00000000000182,0,76.99999999999818,45,3017,3067,1,2,3,4,10,1005,320,2227,2431,49,689,1245,NaN,NaN,NaN,1281,2543,2992,40,47,63,1000,2000,3000,4000,5000,
1523997857,0.6000000000000001,0.9999999999996589,41.9550467047065,54067.2,23.00000000000182,0,76.99999999999818,45,3017,3067,1,2,3,4,10,1005,320,2227,2431,49,689,1245,NaN,NaN,NaN,1281,2543,2992,40,47,63,1000,2000,3000,4000,5000,
1523997859,0.8,3.3000000000004097,41.98438779772706,4.2541056e+06,28.39999999999236,3276.8,71.60000000000764,45,3017,3067,1,2,3,4,72,1005,320,2227,2431,49,689,1245,NaN,NaN,NaN,1281,2543,2992,40,47,63,1000,2000,3000,4000,5000,
1523997861,0.8,3.3000000000004097,41.98438779772706,4.2541056e+06,28.39999999999236,3276.8,71.60000000000764,45,3017,3067,1,2,3,4,72,1005,320,2227,2431,49,689,1245,NaN,NaN,NaN,1281,2543,2992,40,47,63,1000,2000,3000,4000,5000,
1523997863,1,3.3000000000004097,41.98438779772706,4.2541056e+06,28.39999999999236,3276.8,71.60000000000764,45,3017,3067,1,2,3,4,1002,1005,320,2227,2431,49,689,1245,NaN,NaN,NaN,1281,2543,2992,40,47,63,1000,2000,3000,4000,5000,
1523997865,1,1.4500000000003865,42.26570990395258,163020.8,21.10000000000582,0,78.89999999999418,45,3017,3067,1,2,3,4,1002,1005,320,2227,2431,49,689,1245,NaN,NaN,NaN,1281,2543,2992,40,47,63,1000,2000,3000,4000,5000,
1523997867,1,1.4500000000003865,42.26570990395258,163020.8,21.10000000000582,0,78.89999999999418,45,3017,3067,1,2,3,4,1002,1005,320,2227,2431,49,689,1245,NaN,NaN,NaN,1281,2543,2992,40,47,63,1000,2000,3000,4000,5000,
1523997869,0.6000000000000001,1.4499999999992499,43.129179851601116,289177.6,39.60000000000037,3276.8,60.39999999999963,45,3017,3067,1,2,3,4,1002,1005,320,2227,2431,49,689,1245,NaN,NaN,NaN,1281,2543,2992,40,47,63,1000,2000,3000,4000,5000,
1523997871,0.6000000000000001,1.4499999999992499,43.129179851601116,289177.6,39.60000000000037,3276.8,60.39999999999963,45,3017,3067,1,2,3,4,1002,1005,320,2227,2431,49,689,1245,NaN,NaN,NaN,1281,2543,2992,40,47,63,1000,2000,3000,4000,5000,
1523997873,1,1.4499999999992499,43.129179851601116,289177.6,39.60000000000037,3276.8,60.39999999999963,45,3017,3067,1,2,3,4,1002,1005,320,2227,2431,49,689,1245,NaN,NaN,NaN,1281,2543,2992,40,47,63,1000,2000,3000,4000,5000,
1523997875,1,1.449999999999818,43.006138137082864,407142.4,21.700000000000728,0,78.29999999999929,45,3017,3067,1,2,3,4,1002,1005,320,2227,2431,49,689,1245,NaN,NaN,NaN,1281,2543,2992,40,47,63,1000,2000,3000,4000,5000,
1523997877,1,1.449999999999818,43.006138137082864,407142.4,21.700000000000728,0,78.29999999999929,45,3017,3067,1,2,3,4,1002,1005,320,2227,2431,49,689,1245,NaN,NaN,NaN,1281,2543,2992,40,47,63,1000,2000,3000,4000,5000,
1523997879,0.4,1.4500000000003865,43.44911767491293,821657.6,46.04999999998655,4915.2,53.95000000001345,45,3017,3067,1,2,3,4,1002,1005,320,2227,2431,49,689,1245,NaN,NaN,NaN,1281,2543,2992,40,47,63,1000,2000,3000,4000,5000,
1523997881,0.4,1.4500000000003865,43.44911767491293,821657.6,46.04999999998655,4915.2,53.95000000001345,45,3017,3067,1,2,3,4,1002,1005,320,2227,2431,49,689,1245,NaN,NaN,NaN,1281,2543,2992,40,47,63,1000,2000,3000,4000,5000,
1523997883,1.2,1.4500000000003865,43.44911767491293,821657.6,46.04999999998655,4915.2,53.95000000001345,45,3017,3067,1,2,4,4,1002,1005,320,2227,2431,49,689,1245,NaN,NaN,NaN,1281,2543,2992,40,47,63,1000,2000,3000,4000,5000,
1523997885,1.2,1.9499999999999316,43.85791080160894,384204.8,30.050000000010186,0,69.94999999998981,45,3017,3067,1,2,4,4,1002,1005,320,2227,2431,49,689,1245,NaN,NaN,NaN,1281,2543,2992,40,47,63,1000,2000,3000,4000,5000,
1523997887,1.2,1.9499999999999316,43.85791080160894,384204.8,30.050000000010186,0,69.94999999998981,45,3017,3067,1,2,4,4,1002,1005,320,2227,2431,49,689,1245,NaN,NaN,NaN,1281,2543,2992,40,47,63,1000,2000,3000,4000,5000,
1523997889,1,2.0999999999997954,43.6497578931578,281804.8,23.699999999998894,11468.8,76.30000000000109,45,3017,3067,1,2,4,4,1003,1005,320,2227,2431,49,689,1245,NaN,NaN,NaN,1281,2543,2992,40,47,63,1000,2000,3000,4000,5000,
1523997891,1,2.0999999999997954,43.6497578931578,281804.8,23.699999999998894,11468.8,76.30000000000109,45,3017,3067,1,2,4,4,1003,1005,320,2227,2431,49,689,1245,NaN,NaN,NaN,1281,2543,2992,40,47,63,1000,2000,3000,4000,5000,
1523997893,0.4,2.0999999999997954,43.6497578931578,281804.8,23.699999999998894,11468.8,76.30000000000109,45,3017,3067,1,2,6,4,1003,1005,320,2227,2431,48,689,1245,NaN,NaN,NaN,1281,2543,2841,40,47,63,1000,2000,3000,4000,5000,
1523997895,0.4,1.6500000000002049,43.59704670519592,184320,20.799999999999272,0,79.20000000000073,45,3017,3067,1,2,6,4,1003,1005,320,2227,2431,48,689,1245,NaN,NaN,NaN,1281,2543,2841,40,47,63,1000,2000,3000,4000,5000,
1523997897,0.4,1.6500000000002049,43.59704670519592,184320,20.799999999999272,0,79.20000000000073,45,3017,3067,1,2,6,4,1003,1005,320,2227,2431,48,689,1245,NaN,NaN,NaN,1281,2543,2841,40,47,63,1000,2000,3000,4000,5000,
1523997899,1.1997600479904018,1.2500000000005684,42.98541094293072,2.3166976e+06,31.500000000005457,3276.8,68.49999999999454,45,3017,3067,1,2,6,4,1003,1005,320,2227,2431,48,689,1245,NaN,NaN,NaN,1281,2543,2841,40,47,63,1000,2000,3000,4000,5000,
1523997901,1.1997600479904018,1.2500000000005684,42.98541094293072,2.3166976e+06,31.500000000005457,3276.8,68.49999999999454,45,3017,3067,1,2,6,4,1003,1005,320,2227,2431,48,689,1245,NaN,NaN,NaN,1281,2543,2841,40,47,63,1000,2000,3000,4000,5000,
1523997903,1.0002000400080016,1.2500000000005684,42.98541094293072,2.3166976e+06,31.500000000005457,3276.8,68.49999999999454,45,3017,3067,1,2,6,4,1003,1005,320,2227,2431,48,689,1245,NaN,NaN,NaN,1281,2543,2841,40,46,63,1000,2000,3000,4000,5000,
1523997905,1.0002000400080016,1.1499999999995225,42.64572477761091,131891.2,24.699999999993437,0,75.30000000000655,45,3017,3067,1,2,6,4,1003,1005,320,2227,2431,48,689,1245,NaN,NaN,NaN,1281,2543,2841,40,46,63,1000,2000,3000,4000,5000,
1523997907,1.0002000400080016,1.1499999999995225,42.64572477761091,131891.2,24.699999999993437,0,75.30000000000655,45,3017,3067,1,2,6,4,1003,1005,320,2227,2431,48,689,1245,NaN,NaN,NaN,1281,2543,2841,40,46,63,1000,2000,3000,4000,5000,
1523997909,1,5.099999999999909,43.26962066298145,838860.8,51.049999999995634,74547.2,48.950000000004366,45,3017,3067,1,2,6,4,1003,1005,320,2227,2431,48,689,1245,NaN,NaN,NaN,1281,2543,2841,40,46,63,1000,2000,3000,4000,5000,
1523997911,1,5.099999999999909,43.26962066298145,838860.8,51.049999999995634,74547.2,48.950000000004366,45,3017,3067,1,2,6,4,1003,1005,320,2227,2431,48,689,1245,NaN,NaN,NaN,1281,2543,2841,40,46,63,1000,2000,3000,4000,5000,
1523997913,1.6,5.099999999999909,43.26962066298145,838860.8,51.049999999995634,74547.2,48.950000000004366,45,3017,3067,1,2,4,4,1003,1005,320,2227,2431,48,689,1245,NaN,NaN,NaN,1281,2543,2841,40,46,63,1000,2000,3000,4000,5000,
1523997915,1.6,7.550000000000523,42.720704851851956,1.1517952e+06,54.20000000000982,6553.6,45.799999999990185,45,3017,3067,1,2,4,4,1003,1005,320,2227,2431,48,689,1245,NaN,NaN,NaN,1281,2543,2841,40,46,63,1000,2000,3000,4000,5000,
1523997917,1.6,7.550000000000523,42.720704851851956,1.1517952e+06,54.20000000000982,6553.6,45.799999999990185,45,3017,3067,1,2,4,4,1003,1005,320,2227,2431,48,689,1245,NaN,NaN,NaN,1281,2543,2841,40,46,63,1000,2000,3000,4000,5000,
1523997919,1.2,1.449999999999818,42.535603911395285,331776,28.200000000006185,3276.8,71.79999999999382,45,3022,3067,1,2,4,4,1003,1005,320,2227,2431,48,689,1245,NaN,NaN,NaN,1281,2543,2841,39,46,63,1000,2000,3000,4000,5000,
1523997921,1.2,1.449999999999818,42.535603911395285,331776,28.200000000006185,3276.8,71.79999999999382,45,3022,3067,1,2,4,4,1003,1005,320,2227,2431,48,689,1245,NaN,NaN,NaN,1281,2543,2841,39,46,63,1000,2000,3000,4000,5000,
1523997923,1.2000000000000002,1.449999999999818,42.535603911395285,331776,28.200000000006185,3276.8,71.79999999999382,45,3022,3067,1,2,4,4,1003,1005,320,2227,2431,48,689,1245,NaN,NaN,NaN,1281,2543,2841,39,46,63,1000,2000,3000,4000,5000,
1523997925,1.2000000000000002,1.150000000000091,42.44253954379128,132710.4,26.849999999985812,1638.4,73.15000000001419,45,3022,3067,1,2,4,4,1003,1005,320,2227,2431,48,689,1245,NaN,NaN,NaN,1281,2543,2841,39,46,63,1000,2000,3000,4000,5000,
1523997927,1.2000000000000002,1.150000000000091,42.44253954379128,132710.4,26.849999999985812,1638.4,73.15000000001419,45,3022,3067,1,2,4,4,1003,1005,320,2227,2431,48,689,1245,NaN,NaN,NaN,1281,2543,2841,39,46,63,1000,2000,3000,4000,5000,
1523997929,0.6000000000000001,3.499999999999659,42.56359908271766,440729.6,26.350000000011292,4096,73.64999999998871,45,3022,3067,1,2,4,4,1003,1005,320,2227,2431,48,689,1245,NaN,NaN,NaN,1281,2543,2841,39,46,63,1000,2000,3000,4000,5000,
1523997931,0.6000000000000001,3.499999999999659,42.56359908271766,440729.6,26.350000000011292,4096,73.64999999998871,45,3022,3067,1,2,4,4,1003,1005,320,2227,2431,48,689,1245,NaN,NaN,NaN,1281,2543,2841,39,46,63,1000,2000,3000,4000,5000,
1523997933,1.2,3.499999999999659,42.56359908271766,440729.6,26.350000000011292,4096,73.64999999998871,45,3022,3067,1,2,4,4,1003,1006,320,2227,2431,48,689,1245,NaN,NaN,NaN,1251,2543,2841,39,46,63,1000,2000,3000,4000,5000,
1523997935,1.2,2.5,42.89587044304561,638976,40.749999999989086,0,59.250000000010914,45,3022,3067,1,2,4,4,1003,1006,320,2227,2431,48,689,1245,NaN,NaN,NaN,1251,2543,2841,39,46,63,1000,2000,3000,4000,5000,
1523997937,1.2,2.5,42.89587044304561,638976,40.749999999989086,0,59.250000000010914,45,3022,3067,1,2,4,4,1003,1006,320,2227,2431,48,689,1245,NaN,NaN,NaN,1251,2543,2841,39,46,63,1000,2000,3000,4000,5000,
1523997939,0.6000000000000001,4.000000000000341,42.40512292058157,1.05791488e+07,30.799999999999272,3276.8,69.20000000000073,45,3022,3067,1,2,4,4,1003,1006,320,2227,2431,48,689,1245,NaN,NaN,NaN,1251,2543,2841,39,46,63,1000,2000,3000,4000,5000,
1523997941,0.6000000000000001,4.000000000000341,42.40512292058157,1.05791488e+07,30.799999999999272,3276.8,69.20000000000073,45,3022,3067,1,2,4,4,1003,1006,320,2227,2431,48,689,1245,NaN,NaN,NaN,1251,2543,2841,39,46,63,1000,2000,3000,4000,5000,
1523997943,0.6000000000000001,4.000000000000341,42.40512292058157,1.05791488e+07,30.799999999999272,3276.8,69.20000000000073,45,3022,3067,1,2,4,4,1003,1006,320,2227,2431,48,689,1245,NaN,NaN,NaN,1251,2543,2841,39,46,63,1000,2000,3000,4000,5000,
1523997945,0.6000000000000001,1.199999999999477,42.30366489584157,59801.6,24.25000000000182,0,75.74999999999818,45,3022,3067,1,2,4,4,1003,1006,320,2227,2431,48,689,1245,NaN,NaN,NaN,1251,2543,2841,39,46,63,1000,2000,3000,4000,5000,
