,CPUIdle,CPUUsage,HTTPRequestCount,IOWait,MemoryUsage,app_http_request_latency_GET_metrics_0.5,app_http_request_latency_GET_metrics_0.9,app_http_request_latency_GET_metrics_0.99,app_http_request_latency_GET_recipes_0.5,app_http_request_latency_GET_recipes_0.9,app_http_request_latency_GET_recipes_0.99,app_http_request_latency_POST_houses_0.5,app_http_request_latency_POST_houses_0.9,app_http_request_latency_POST_houses_0.99,app_http_request_latency_POST_recipes_0.5,app_http_request_latency_POST_recipes_0.9,app_http_request_latency_POST_recipes_0.99,app_http_request_latency_POST_schedules_0.5,app_http_request_latency_POST_schedules_0.9,app_http_request_latency_POST_schedules_0.99,app_http_request_latency_POST_startworkflow_0.5,app_http_request_latency_POST_startworkflow_0.9,app_http_request_latency_POST_startworkflow_0.99,app_http_request_latency_POST_storages_0.5,app_http_request_latency_POST_storages_0.9,app_http_request_latency_POST_storages_0.99,app_http_request_latency_POST_users_0.5,app_http_request_latency_POST_users_0.9,app_http_request_latency_POST_users_0.99,app_knobs_k1,app_knobs_k2,app_knobs_k3,app_knobs_k4,app_knobs_k5,
0E+00,8.764999999999873E+01,1.2350000000001273E+01,8E-01,1.1499999999998778E+00,5.8561566985666424E+01,1E+00,2E+00,5E+00,1.004E+03,1.007E+03,1.176E+03,3.058E+03,3.09E+03,3.826E+03,2.375E+03,2.685E+03,4.326E+03,4.9E+01,6.91E+02,1.142E+03,0E+00,0E+00,0E+00,1.845E+03,3.147E+03,4.095E+03,5.2E+01,1.1E+02,5.54E+02,1E+00,2E+00,3E+00,4E+00,5E+00,
0E+00,8.655000000000655E+01,1.3449999999993452E+01,4E-01,8.500000000000795E-01,5.8626905366287694E+01,1E+00,2E+00,5E+00,1.003E+03,1.007E+03,1.176E+03,3.057E+03,3.09E+03,3.826E+03,2.353E+03,2.597E+03,4.326E+03,4.9E+01,6.91E+02,1.279E+03,0E+00,0E+00,0E+00,1.691E+03,3.038E+03,4.095E+03,5.2E+01,1.66E+02,5.54E+02,1E+00,2E+00,3E+00,4E+00,5E+00,
0E+00,8.54499999999939E+01,1.4550000000006108E+01,8E-01,7.499999999998153E-01,5.835008597992521E+01,1E+00,2E+00,5E+00,1.004E+03,1.007E+03,1.176E+03,3.057E+03,3.09E+03,3.826E+03,2.353E+03,2.597E+03,4.326E+03,4.9E+01,6.91E+02,1.142E+03,0E+00,0E+00,0E+00,1.845E+03,3.147E+03,4.095E+03,5.2E+01,1.1E+02,5.54E+02,1E+00,2E+00,3E+00,4E+00,5E+00,
0E+00,8.259999999999536E+01,1.740000000000464E+01,6.000000000000001E-01,1.2999999999997414E+00,5.82569481984104E+01,1E+00,2E+00,5E+00,1.004E+03,1.007E+03,1.176E+03,3.057E+03,3.09E+03,3.826E+03,2.353E+03,2.597E+03,4.326E+03,4.9E+01,6.91E+02,1.142E+03,0E+00,0E+00,0E+00,1.845E+03,3.147E+03,4.095E+03,5.2E+01,1.1E+02,5.54E+02,1E+00,2E+00,3E+00,4E+00,5E+00,
0E+00,8.845000000000482E+01,1.154999999999518E+01,1.2E+00,9.499999999997044E-01,5.8633659446082255E+01,1E+00,2E+00,5E+00,1.004E+03,1.007E+03,1.176E+03,3.057E+03,3.09E+03,3.826E+03,2.353E+03,2.597E+03,4.326E+03,4.9E+01,6.91E+02,1.142E+03,0E+00,0E+00,0E+00,1.809E+03,3.147E+03,4.095E+03,5.2E+01,1.1E+02,5.54E+02,1E+00,2E+00,3E+00,4E+00,5E+00,
0E+00,7.660000000000082E+01,2.339999999999918E+01,1.4E+00,7.449999999999761E+00,5.862546155937509E+01,1E+00,2E+00,5E+00,1.004E+03,1.007E+03,1.176E+03,3.058E+03,3.09E+03,3.826E+03,2.375E+03,2.685E+03,4.326E+03,4.9E+01,6.91E+02,1.142E+03,0E+00,0E+00,0E+00,1.876E+03,3.147E+03,4.095E+03,5.2E+01,1.1E+02,5.54E+02,1E+00,2E+00,3E+00,4E+00,5E+00,
0E+00,8.470000000000255E+01,1.5299999999997453E+01,8E-01,1.0999999999998522E+00,5.854911109213226E+01,1E+00,2E+00,5E+00,1.004E+03,1.007E+03,1.176E+03,3.057E+03,3.09E+03,3.826E+03,2.353E+03,2.597E+03,4.326E+03,4.9E+01,6.91E+02,1.142E+03,0E+00,0E+00,0E+00,1.845E+03,3.147E+03,4.095E+03,5.2E+01,1.1E+02,5.54E+02,1E+00,2E+00,3E+00,4E+00,5E+00,
0E+00,4.0650000000000546E+01,5.9349999999999454E+01,1.7999999999999998E+00,2.635000000000005E+01,5.879553711941923E+01,1E+00,2E+00,5E+00,1.003E+03,1.007E+03,1.176E+03,3.057E+03,3.09E+03,3.826E+03,2.353E+03,2.597E+03,4.326E+03,4.9E+01,6.91E+02,1.279E+03,0E+00,0E+00,0E+00,1.691E+03,3.147E+03,4.095E+03,5.2E+01,1.66E+02,5.54E+02,1E+00,2E+00,3E+00,4E+00,5E+00,
0E+00,8.650000000000091E+01,1.349999999999909E+01,8E-01,3.9999999999984936E-01,5.846265397650119E+01,1E+00,2E+00,5E+00,1.003E+03,1.007E+03,1.176E+03,3.057E+03,3.09E+03,3.826E+03,2.347E+03,2.597E+03,4.326E+03,4.9E+01,6.91E+02,1.279E+03,0E+00,0E+00,0E+00,1.691E+03,3.038E+03,4.095E+03,5.2E+01,1.66E+02,5.54E+02,1E+00,2E+00,3E+00,4E+00,5E+00,
0E+00,8.695000000000164E+01,1.3049999999998363E+01,6.000000000000001E-01,7.500000000001705E-01,5.84676950650435E+01,1E+00,2E+00,5E+00,1.004E+03,1.007E+03,1.176E+03,3.057E+03,3.09E+03,3.826E+03,2.37E+03,2.597E+03,4.326E+03,4.9E+01,6.91E+02,1.142E+03,0E+00,0E+00,0E+00,1.845E+03,3.147E+03,4.095E+03,5.2E+01,1.1E+02,5.54E+02,1E+00,2E+00,3E+00,4E+00,5E+00,
0E+00,6.600000000001044E+01,3.3999999999989555E+01,1.8E+00,1.2449999999999761E+01,5.8430009257494156E+01,1E+00,2E+00,5E+00,1.004E+03,1.007E+03,1.176E+03,3.057E+03,3.09E+03,3.826E+03,2.353E+03,2.597E+03,4.326E+03,4.9E+01,6.91E+02,1.142E+03,0E+00,0E+00,0E+00,1.845E+03,3.147E+03,4.095E+03,5.2E+01,1.1E+02,5.54E+02,1E+00,2E+00,3E+00,4E+00,5E+00,
0E+00,6.104999999998655E+01,3.895000000001346E+01,1E+00,1.0999999999999943E+00,5.864344796752364E+01,1E+00,2E+00,5E+00,1.003E+03,1.007E+03,1.176E+03,3.057E+03,3.09E+03,3.826E+03,2.353E+03,2.597E+03,4.326E+03,4.9E+01,6.91E+02,1.279E+03,0E+00,0E+00,0E+00,1.691E+03,3.038E+03,4.095E+03,5.2E+01,1.66E+02,5.54E+02,1E+00,2E+00,3E+00,4E+00,5E+00,
0E+00,8.545000000000528E+01,1.454999999999471E+01,8E-01,2.050000000000338E+00,5.8571502334929434E+01,1E+00,2E+00,5E+00,1.003E+03,1.007E+03,1.176E+03,3.057E+03,3.09E+03,3.826E+03,2.347E+03,2.597E+03,4.326E+03,4.9E+01,6.91E+02,1.279E+03,0E+00,0E+00,0E+00,1.691E+03,3.038E+03,4.095E+03,5.2E+01,1.66E+02,5.54E+02,1E+00,2E+00,3E+00,4E+00,5E+00,
0E+00,5.0549999999986994E+01,4.9450000000013006E+01,1.6E+00,1.0399999999999707E+01,5.9035600607769304E+01,1E+00,2E+00,5E+00,1.004E+03,1.008E+03,1.193E+03,3.062E+03,3.826E+03,3.826E+03,2.37E+03,2.597E+03,4.326E+03,4.9E+01,6.92E+02,7.64E+02,0E+00,0E+00,0E+00,1.691E+03,3.038E+03,3.147E+03,6.5E+01,2.57E+02,5.54E+02,1E+03,2E+03,3E+03,4E+03,5E+03,
0E+00,8.665000000000418E+01,1.3349999999995816E+01,6.000000000000001E-01,1.2499999999997868E+00,5.919882420280446E+01,1E+00,2E+00,3E+00,1.004E+03,1.009E+03,1.244E+03,3.062E+03,3.826E+03,3.826E+03,2.37E+03,4.326E+03,4.326E+03,4.9E+01,6.92E+02,7.64E+02,0E+00,0E+00,0E+00,1.417E+03,2.365E+03,3.038E+03,6.5E+01,2.57E+02,5.54E+02,1E+03,2E+03,3E+03,4E+03,5E+03,
0E+00,4.750000000001137E+01,5.249999999998863E+01,8E-01,1.7000000000000883E+00,5.9885464510614305E+01,1E+00,2E+00,5E+00,1.004E+03,1.008E+03,1.244E+03,3.062E+03,3.826E+03,3.826E+03,2.37E+03,2.597E+03,4.326E+03,4.9E+01,6.92E+02,7.64E+02,0E+00,0E+00,0E+00,1.32E+03,2.365E+03,3.038E+03,6.5E+01,2.57E+02,5.54E+02,1E+03,2E+03,3E+03,4E+03,5E+03,
0E+00,7.029999999999063E+01,2.9700000000009368E+01,8E-01,2.250000000000156E+00,5.891008729158709E+01,1E+00,2E+00,5E+00,1.004E+03,1.008E+03,1.193E+03,3.062E+03,3.826E+03,3.826E+03,2.37E+03,2.597E+03,4.326E+03,4.9E+01,6.92E+02,1.142E+03,0E+00,0E+00,0E+00,1.884E+03,3.147E+03,4.095E+03,6.5E+01,2.57E+02,5.54E+02,1E+03,2E+03,3E+03,4E+03,5E+03,
0E+00,7.584999999999353E+01,2.415000000000647E+01,8E-01,6.500000000003325E-01,5.9782269023318456E+01,1E+00,2E+00,5E+00,1.004E+03,1.008E+03,1.193E+03,3.062E+03,3.826E+03,3.826E+03,2.37E+03,2.597E+03,4.326E+03,4.9E+01,6.92E+02,7.64E+02,0E+00,0E+00,0E+00,1.32E+03,2.365E+03,3.038E+03,6.5E+01,2.57E+02,5.54E+02,1E+03,2E+03,3E+03,4E+03,5E+03,
0E+00,8.85500000000161E+01,1.1449999999983902E+01,6.000000000000001E-01,6.000000000005201E-01,5.83493273695135E+01,1E+00,2E+00,3E+00,1.004E+03,1.009E+03,1.244E+03,3.062E+03,3.826E+03,3.826E+03,2.37E+03,4.326E+03,4.326E+03,4.9E+01,6.92E+02,7.64E+02,0E+00,0E+00,0E+00,1.417E+03,2.365E+03,3.038E+03,6.5E+01,2.57E+02,5.54E+02,1E+03,2E+03,3E+03,4E+03,5E+03,
0E+00,7.834999999999354E+01,2.1650000000006457E+01,1.6E+00,7.85000000000025E+00,5.8445621949193175E+01,1E+00,2E+00,3E+00,1.004E+03,1.009E+03,1.244E+03,3.062E+03,3.826E+03,3.826E+03,2.353E+03,2.534E+03,4.326E+03,4.9E+01,6.92E+02,7.64E+02,0E+00,0E+00,0E+00,1.32E+03,2.365E+03,3.038E+03,6.5E+01,2.57E+02,5.54E+02,1E+03,2E+03,3E+03,4E+03,5E+03,
0E+00,7.114999999999098E+01,2.8850000000009018E+01,1.2E+00,5.999999999998096E-01,5.943967077286983E+01,1E+00,2E+00,5E+00,1.004E+03,1.008E+03,1.193E+03,3.062E+03,3.826E+03,3.826E+03,2.37E+03,2.597E+03,4.326E+03,4.9E+01,6.92E+02,7.64E+02,0E+00,0E+00,0E+00,1.32E+03,2.365E+03,3.038E+03,6.5E+01,2.57E+02,5.54E+02,1E+03,2E+03,3E+03,4E+03,5E+03,
0E+00,4.725000000000137E+01,5.274999999999863E+01,1.4000000000000001E+00,1.4549999999999985E+01,5.891740421136452E+01,1E+00,2E+00,5E+00,1.004E+03,1.008E+03,1.193E+03,3.062E+03,3.826E+03,3.826E+03,2.37E+03,2.597E+03,4.326E+03,4.9E+01,6.92E+02,1.142E+03,0E+00,0E+00,0E+00,1.691E+03,3.147E+03,3.203E+03,6.5E+01,2.57E+02,5.54E+02,1E+03,2E+03,3E+03,4E+03,5E+03,
0E+00,8.849999999999454E+01,1.1500000000005457E+01,4E-01,1.2500000000003553E+00,5.913896739419037E+01,1E+00,2E+00,3E+00,1.004E+03,1.01E+03,1.244E+03,3.062E+03,3.826E+03,3.826E+03,2.353E+03,4.326E+03,4.326E+03,4.9E+01,6.92E+02,7.64E+02,0E+00,0E+00,0E+00,1.417E+03,2.365E+03,3.038E+03,6.5E+01,2.57E+02,5.54E+02,1E+03,2E+03,3E+03,4E+03,5E+03,
0E+00,8.760000000000446E+01,1.2399999999995543E+01,1.2E+00,6.49999999999622E-01,5.844975759950216E+01,1E+00,2E+00,3E+00,1.004E+03,1.009E+03,1.244E+03,3.062E+03,3.826E+03,3.826E+03,2.353E+03,2.534E+03,4.326E+03,4.9E+01,6.92E+02,7.64E+02,0E+00,0E+00,0E+00,1.32E+03,2.365E+03,3.038E+03,6.5E+01,2.57E+02,5.54E+02,1E+03,2E+03,3E+03,4E+03,5E+03,
0E+00,5.014999999999873E+01,4.985000000000127E+01,1E+00,1.0499999999998977E+00,5.947520310570208E+01,1E+00,2E+00,3E+00,1.004E+03,1.008E+03,1.244E+03,3.062E+03,3.826E+03,3.826E+03,2.353E+03,2.534E+03,4.326E+03,4.9E+01,6.92E+02,7.64E+02,0E+00,0E+00,0E+00,1.32E+03,2.365E+03,3.038E+03,6.5E+01,2.57E+02,5.54E+02,1E+03,2E+03,3E+03,4E+03,5E+03,
0E+00,5.900000000000546E+01,4.099999999999454E+01,1E+00,3.049999999999926E+00,5.920445260263326E+01,1E+00,2E+00,5E+00,1.004E+03,1.008E+03,1.193E+03,3.062E+03,3.826E+03,3.826E+03,2.37E+03,2.597E+03,4.326E+03,4.9E+01,6.92E+02,7.64E+02,0E+00,0E+00,0E+00,1.32E+03,2.365E+03,3.038E+03,6.5E+01,2.57E+02,5.54E+02,1E+03,2E+03,3E+03,4E+03,5E+03,
0E+00,8.884999999998627E+01,1.1150000000013733E+01,1E+00,8.500000000002929E-01,5.9254496418502356E+01,1E+00,2E+00,3E+00,5E+00,8E+00,1.54E+02,4E+01,7.8E+01,1.56E+02,3.14E+02,3.92E+02,4.79E+02,6E+01,6.65E+02,1.017E+03,NaN,NaN,NaN,1.473E+03,2.482E+03,3.251E+03,3.7E+01,7.3E+01,1.66E+02,1E+00,2E+00,3E+00,4E+00,5E+00,
0E+00,8.319999999998345E+01,1.6800000000016553E+01,8E-01,3.599999999999923E+00,5.933361214305239E+01,1E+00,2E+00,3E+00,5E+00,8E+00,1.46E+02,3.1E+01,4.5E+01,7.8E+01,3.23E+02,4.15E+02,5.57E+02,6E+01,6.65E+02,1.017E+03,NaN,NaN,NaN,1.473E+03,2.482E+03,3.251E+03,3.7E+01,6.8E+01,8.4E+01,1E+00,2E+00,3E+00,4E+00,5E+00,
0E+00,8.895000000000893E+01,1.1049999999991087E+01,8E-01,2.999999999997982E-01,5.9078229618646546E+01,1E+00,2E+00,3E+00,4E+00,8E+00,1.65E+02,3.8E+01,4.5E+01,7.8E+01,3.27E+02,4.15E+02,5.57E+02,6E+01,6.65E+02,1.017E+03,NaN,NaN,NaN,1.487E+03,2.327E+03,3.251E+03,3.9E+01,6.8E+01,8.4E+01,1E+00,2E+00,3E+00,4E+00,5E+00,
0E+00,7.964999999999236E+01,2.035000000000764E+01,8E-01,4.150000000000134E+00,5.916972782281993E+01,1E+00,2E+00,3E+00,5E+00,8E+00,1.54E+02,3.8E+01,7.8E+01,1.56E+02,3.08E+02,3.92E+02,4.79E+02,6E+01,6.65E+02,1.017E+03,NaN,NaN,NaN,1.473E+03,2.482E+03,3.251E+03,3.6E+01,7E+01,1.66E+02,1E+00,2E+00,3E+00,4E+00,5E+00,
0E+00,7.514999999999418E+01,2.4850000000005807E+01,6.000000000000001E-01,7.500000000001705E-01,5.947657349870388E+01,1E+00,2E+00,3E+00,4E+00,8E+00,1.65E+02,3.1E+01,4.5E+01,7.8E+01,3.27E+02,3.97E+02,5.57E+02,6E+01,6.57E+02,1.017E+03,NaN,NaN,NaN,1.487E+03,2.327E+03,3.251E+03,3.7E+01,6.8E+01,8.4E+01,1E+00,2E+00,3E+00,4E+00,5E+00,
0E+00,8.365000000000464E+01,1.634999999999536E+01,1E+00,2.9999999999972715E-01,5.890083713882497E+01,1E+00,2E+00,3E+00,4E+00,8E+00,1.65E+02,3.8E+01,4.5E+01,7.8E+01,3.27E+02,4.15E+02,5.57E+02,6E+01,6.57E+02,1.017E+03,NaN,NaN,NaN,1.487E+03,2.327E+03,3.251E+03,3.9E+01,6.8E+01,8.4E+01,1E+00,2E+00,3E+00,4E+00,5E+00,
0E+00,8.240000000000464E+01,1.7599999999995347E+01,4E-01,1.0000000000002274E+00,5.94598595983427E+01,1E+00,2E+00,3E+00,5E+00,8E+00,1.46E+02,3.1E+01,4.5E+01,7.8E+01,3.27E+02,3.97E+02,5.57E+02,6E+01,6.57E+02,1.017E+03,NaN,NaN,NaN,1.487E+03,2.327E+03,3.251E+03,3.7E+01,6.8E+01,8.4E+01,1E+00,2E+00,3E+00,4E+00,5E+00,
0E+00,7.380000000000564E+01,2.619999999999436E+01,1E+00,4.49999999999875E-01,5.961028470159325E+01,1E+00,2E+00,3E+00,4E+00,8E+00,1.65E+02,3.1E+01,4.5E+01,7.8E+01,3.23E+02,3.97E+02,5.57E+02,6E+01,6.57E+02,1.017E+03,NaN,NaN,NaN,1.487E+03,2.327E+03,3.251E+03,3.7E+01,6.8E+01,8.4E+01,1E+00,2E+00,3E+00,4E+00,5E+00,
0E+00,7.8449999999998E+01,2.1550000000002E+01,8E-01,7.499999999998153E-01,5.96317215635499E+01,1E+00,2E+00,3E+00,4E+00,8E+00,1.65E+02,3.8E+01,4.5E+01,7.8E+01,3.23E+02,3.97E+02,5.57E+02,6E+01,6.65E+02,1.017E+03,NaN,NaN,NaN,1.487E+03,2.327E+03,3.251E+03,3.9E+01,6.8E+01,8.4E+01,1E+00,2E+00,3E+00,4E+00,5E+00,
0E+00,8.295000000000982E+01,1.7049999999990177E+01,4E-01,4.9999999999997163E-01,5.95859602258114E+01,1E+00,2E+00,3E+00,4E+00,8E+00,1.65E+02,3.8E+01,4.5E+01,7.8E+01,3.23E+02,3.97E+02,5.57E+02,6E+01,6.65E+02,1.017E+03,NaN,NaN,NaN,1.487E+03,2.327E+03,3.251E+03,3.9E+01,6.8E+01,8.4E+01,1E+00,2E+00,3E+00,4E+00,5E+00,
0E+00,8.454999999999929E+01,1.5450000000000713E+01,6.000000000000001E-01,5.999999999998096E-01,5.950358981788211E+01,1E+00,2E+00,3E+00,5E+00,8E+00,1.46E+02,3.1E+01,4.5E+01,7.8E+01,3.23E+02,4.15E+02,5.57E+02,6E+01,6.57E+02,1.017E+03,NaN,NaN,NaN,1.487E+03,2.327E+03,3.251E+03,3.7E+01,6.8E+01,8.4E+01,1E+00,2E+00,3E+00,4E+00,5E+00,
0E+00,7.174999999998363E+01,2.8250000000016385E+01,1.4E+00,8.100000000000236E+00,5.9586718836223106E+01,1E+00,2E+00,3E+00,4E+00,8E+00,1.65E+02,3.1E+01,4.5E+01,7.8E+01,3.23E+02,3.97E+02,5.57E+02,6E+01,6.65E+02,1.017E+03,NaN,NaN,NaN,1.487E+03,2.327E+03,3.251E+03,3.7E+01,6.8E+01,8.4E+01,1E+00,2E+00,3E+00,4E+00,5E+00,
0E+00,8.489999999999556E+01,1.510000000000447E+01,8E-01,1.5999999999998948E+00,5.89968870054686E+01,1E+00,2E+00,3E+00,4E+00,8E+00,1.54E+02,3.8E+01,4.5E+01,7.8E+01,3.27E+02,4.15E+02,5.57E+02,6E+01,6.57E+02,1.017E+03,NaN,NaN,NaN,1.487E+03,2.327E+03,3.251E+03,3.9E+01,6.8E+01,8.4E+01,1E+00,2E+00,3E+00,4E+00,5E+00,
0E+00,7.100000000000593E+01,2.899999999999409E+01,1.4E+00,2.8000000000000824E+00,5.7981058721584844E+01,1E+00,2E+00,4E+00,5E+00,1.004E+03,1.008E+03,4.3E+01,3.057E+03,3.071E+03,3.49E+02,2.564E+03,2.685E+03,4.8E+01,6.7E+02,1.279E+03,NaN,NaN,NaN,1.449E+03,2.573E+03,3.194E+03,3.9E+01,7E+01,1.66E+02,1E+00,2E+00,3E+00,4E+00,5E+00,
0E+00,8.849999999999909E+01,1.150000000000091E+01,6.000000000000001E-01,2.999999999999403E-01,5.8335256369941504E+01,1E+00,2E+00,4E+00,5E+00,1.004E+03,1.008E+03,4.4E+01,3.071E+03,3.09E+03,3.6E+02,2.564E+03,2.685E+03,4.8E+01,6.73E+02,1.279E+03,NaN,NaN,NaN,1.667E+03,2.953E+03,4.095E+03,4E+01,7E+01,1.66E+02,1E+00,2E+00,3E+00,4E+00,5E+00,
0E+00,8.705000000000382E+01,1.294999999999618E+01,6.000000000000001E-01,7.499999999998153E-01,5.800440434522255E+01,1E+00,2E+00,3E+00,5E+00,1.003E+03,1.006E+03,4.3E+01,3.057E+03,3.071E+03,3.27E+02,4.79E+02,2.409E+03,4.8E+01,6.69E+02,1.279E+03,NaN,NaN,NaN,1.442E+03,2.482E+03,3.194E+03,3.9E+01,7E+01,1.66E+02,1E+00,2E+00,3E+00,4E+00,5E+00,
0E+00,7.8200000000013E+01,2.1799999999986994E+01,1.2E+00,5.000000000003979E-01,5.804311794752325E+01,1E+00,2E+00,4E+00,5E+00,1.004E+03,1.008E+03,4.4E+01,3.071E+03,3.09E+03,3.34E+02,2.564E+03,2.685E+03,4.8E+01,6.7E+02,1.279E+03,NaN,NaN,NaN,1.449E+03,2.573E+03,3.194E+03,4E+01,7E+01,1.66E+02,1E+00,2E+00,3E+00,4E+00,5E+00,
0E+00,6.469999999999571E+01,3.5300000000004275E+01,1.8E+00,1.1550000000000013E+01,5.800144331748653E+01,1E+00,2E+00,4E+00,5E+00,1.004E+03,1.008E+03,4.4E+01,3.071E+03,3.09E+03,3.6E+02,2.564E+03,2.685E+03,4.8E+01,6.7E+02,1.279E+03,NaN,NaN,NaN,1.449E+03,2.573E+03,3.194E+03,4E+01,7E+01,1.66E+02,1E+00,2E+00,3E+00,4E+00,5E+00,
0E+00,8.7349999999999E+01,1.2650000000001E+01,1E+00,2.4999999999984365E-01,5.810253427267248E+01,1E+00,2E+00,4E+00,5E+00,1.004E+03,1.008E+03,4.4E+01,3.071E+03,3.09E+03,3.34E+02,2.564E+03,2.685E+03,4.8E+01,6.73E+02,1.279E+03,NaN,NaN,NaN,1.667E+03,2.953E+03,4.095E+03,4E+01,7E+01,1.66E+02,1E+00,2E+00,3E+00,4E+00,5E+00,
0E+00,8.919999999999617E+01,1.0800000000003834E+01,8E-01,3.5000000000046333E-01,5.807612973608434E+01,1E+00,2E+00,4E+00,5E+00,1.004E+03,1.008E+03,4.4E+01,3.071E+03,3.09E+03,3.34E+02,2.564E+03,2.685E+03,4.8E+01,6.73E+02,1.279E+03,NaN,NaN,NaN,1.667E+03,2.953E+03,4.095E+03,4E+01,7E+01,1.66E+02,1E+00,2E+00,3E+00,4E+00,5E+00,
0E+00,8.125000000000682E+01,1.874999999999318E+01,1.6E+00,4.200000000000443E+00,5.814178624365245E+01,1E+00,2E+00,4E+00,5E+00,1.004E+03,1.008E+03,4.4E+01,3.071E+03,3.09E+03,3.34E+02,2.564E+03,2.685E+03,4.8E+01,6.7E+02,1.279E+03,NaN,NaN,NaN,1.442E+03,2.573E+03,3.194E+03,4E+01,7E+01,1.66E+02,1E+00,2E+00,3E+00,4E+00,5E+00,
0E+00,8.819999999999027E+01,1.1800000000009732E+01,1E+00,1.1999999999999744E+00,5.791410523492574E+01,1E+00,2E+00,3E+00,5E+00,1.003E+03,1.006E+03,4.2E+01,3.057E+03,3.071E+03,3.27E+02,4.79E+02,2.409E+03,4.8E+01,6.69E+02,1.279E+03,NaN,NaN,NaN,1.442E+03,2.482E+03,3.194E+03,3.7E+01,7E+01,1.66E+02,1E+00,2E+00,3E+00,4E+00,5E+00,
0E+00,8.749999999999774E+01,1.250000000000226E+01,8E-01,1.0500000000000398E+00,5.8118856632176E+01,1E+00,2E+00,3E+00,5E+00,1.004E+03,1.008E+03,4.3E+01,3.057E+03,3.071E+03,3.08E+02,4.79E+02,2.409E+03,4.8E+01,6.7E+02,1.279E+03,NaN,NaN,NaN,1.449E+03,2.573E+03,3.194E+03,3.9E+01,7E+01,1.66E+02,1E+00,2E+00,3E+00,4E+00,5E+00,
0E+00,7.245000000000346E+01,2.7549999999996544E+01,2E+00,7.750000000000271E+00,5.820041948708637E+01,1E+00,2E+00,4E+00,5E+00,1.004E+03,1.008E+03,4.4E+01,3.071E+03,3.09E+03,3.34E+02,2.564E+03,2.685E+03,4.8E+01,6.7E+02,1.279E+03,NaN,NaN,NaN,1.667E+03,2.932E+03,4.095E+03,4E+01,7E+01,1.66E+02,1E+00,2E+00,3E+00,4E+00,5E+00,
0E+00,6.82499999999982E+01,3.175000000000182E+01,8E-01,9.499999999996335E-01,5.805222127246375E+01,1E+00,2E+00,3E+00,5E+00,1.004E+03,1.008E+03,4.3E+01,3.057E+03,3.071E+03,3.49E+02,2.564E+03,2.685E+03,4.8E+01,6.7E+02,1.279E+03,NaN,NaN,NaN,1.449E+03,2.573E+03,3.194E+03,3.9E+01,7E+01,1.66E+02,1E+00,2E+00,3E+00,4E+00,5E+00,
0E+00,8.924999999999045E+01,1.075000000000955E+01,8E-01,3.499999999999659E-01,5.817450437657029E+01,1E+00,2E+00,4E+00,5E+00,1.004E+03,1.008E+03,4.4E+01,3.071E+03,3.09E+03,3.6E+02,2.564E+03,2.685E+03,4.8E+01,6.73E+02,1.279E+03,NaN,NaN,NaN,1.667E+03,2.953E+03,4.095E+03,4E+01,7E+01,1.66E+02,1E+00,2E+00,3E+00,4E+00,5E+00,
0E+00,7.870000000000118E+01,2.1299999999998818E+01,1.4E+00,5.000000000000071E+00,5.8882801788069216E+01,1E+00,2E+00,3E+00,4E+00,7E+00,1.52E+02,4.4E+01,7.8E+01,1.24E+02,2.7E+02,5E+02,6.2E+02,6.9E+01,7.38E+02,1.254E+03,NaN,NaN,NaN,1.385E+03,2.592E+03,3.663E+03,4.2E+01,8.1E+01,1.03E+02,1E+00,2E+00,3E+00,4E+00,5E+00,
0E+00,3.8500000000001364E+01,6.1499999999998636E+01,1.1961722488038278E+00,5E+00,5.928794869052831E+01,1E+00,2E+00,3E+00,4E+00,7E+00,1.6E+02,4.4E+01,8.5E+01,1.24E+02,2.7E+02,5E+02,6.2E+02,1.6E+02,7.38E+02,1.254E+03,NaN,NaN,NaN,1.385E+03,2.592E+03,3.663E+03,4.3E+01,8.1E+01,1.03E+02,1E+00,2E+00,3E+00,4E+00,5E+00,
0E+00,8.400000000000091E+01,1.599999999999909E+01,4E-01,2.500000000000213E+00,5.883080026791183E+01,1E+00,2E+00,3E+00,4E+00,7E+00,1.6E+02,4.4E+01,7.8E+01,1.24E+02,2.7E+02,5E+02,6.2E+02,6.9E+01,7.38E+02,1.254E+03,NaN,NaN,NaN,1.385E+03,2.592E+03,3.663E+03,4.2E+01,8.1E+01,1.03E+02,1E+00,2E+00,3E+00,4E+00,5E+00,
0E+00,7.854999999999791E+01,2.1450000000002092E+01,8E-01,6.500000000000483E-01,5.8877148916936804E+01,1E+00,2E+00,3E+00,4E+00,7E+00,1.6E+02,4.4E+01,8.5E+01,1.24E+02,2.7E+02,5E+02,6.2E+02,6.9E+01,7.38E+02,1.254E+03,NaN,NaN,NaN,1.385E+03,2.592E+03,3.663E+03,4.3E+01,8.1E+01,1.03E+02,1E+00,2E+00,3E+00,4E+00,5E+00,
0E+00,8.835000000001399E+01,1.1649999999986008E+01,8E-01,5.999999999997385E-01,5.8818295431770466E+01,1E+00,2E+00,3E+00,4E+00,7E+00,1.52E+02,4.4E+01,7.8E+01,1.24E+02,2.7E+02,4.92E+02,6.2E+02,6.9E+01,7.38E+02,1.254E+03,NaN,NaN,NaN,1.311E+03,2.592E+03,3.663E+03,4.2E+01,8.1E+01,1.03E+02,1E+00,2E+00,3E+00,4E+00,5E+00,
0E+00,8.6099999999999E+01,1.3900000000001E+01,1E+00,3.9999999999992036E-01,5.879203772300393E+01,1E+00,2E+00,3E+00,4E+00,7E+00,1.52E+02,4.4E+01,7.8E+01,1.24E+02,2.7E+02,5E+02,6.2E+02,6.9E+01,7.38E+02,1.254E+03,NaN,NaN,NaN,1.311E+03,2.592E+03,3.663E+03,4.2E+01,8.1E+01,1.03E+02,1E+00,2E+00,3E+00,4E+00,5E+00,
0E+00,8.900000000001455E+01,1.0999999999985448E+01,8E-01,4.49999999999946E-01,5.887200994318008E+01,1E+00,2E+00,3E+00,4E+00,7E+00,1.52E+02,4.4E+01,7.8E+01,1.24E+02,2.7E+02,5E+02,6.2E+02,6.9E+01,7.38E+02,1.254E+03,NaN,NaN,NaN,1.311E+03,2.592E+03,3.663E+03,4.2E+01,8.1E+01,1.03E+02,1E+00,2E+00,3E+00,4E+00,5E+00,
0E+00,5.8450000000011634E+01,4.1549999999988366E+01,6.004803843074459E-01,1.4999999999999858E+00,5.954837230347647E+01,1E+00,2E+00,3E+00,5E+00,7E+00,1.6E+02,4.4E+01,8.5E+01,1.24E+02,3.23E+02,6.2E+02,1.105E+03,1.6E+02,6.93E+02,1.254E+03,NaN,NaN,NaN,1.311E+03,2.592E+03,3.663E+03,4.5E+01,7.6E+01,1.03E+02,1E+00,2E+00,3E+00,4E+00,5E+00,
0E+00,7.314999999999145E+01,2.685000000000855E+01,1.4E+00,9.849999999999781E+00,5.891414952798526E+01,1E+00,2E+00,3E+00,4E+00,7E+00,1.6E+02,4.4E+01,7.8E+01,1.24E+02,2.7E+02,5E+02,6.2E+02,6.9E+01,7.38E+02,1.254E+03,NaN,NaN,NaN,1.385E+03,2.592E+03,3.663E+03,4.3E+01,8.1E+01,1.03E+02,1E+00,2E+00,3E+00,4E+00,5E+00,
0E+00,7.0100000000009E+01,2.9899999999990996E+01,1.5999999999999999E+00,8.09999999999981E+00,5.953968499069724E+01,1E+00,2E+00,3E+00,5E+00,7E+00,1.6E+02,4.4E+01,8.7E+01,1.24E+02,2.83E+02,5.05E+02,1.105E+03,1.6E+02,6.93E+02,1.254E+03,NaN,NaN,NaN,1.531E+03,2.592E+03,3.663E+03,4.5E+01,8.1E+01,1.03E+02,1E+00,2E+00,3E+00,4E+00,5E+00,
0E+00,4.959999999999809E+01,5.040000000000191E+01,6.000000000000001E-01,1.5500000000001533E+00,5.950569434999201E+01,1E+00,2E+00,3E+00,5E+00,7E+00,1.6E+02,4.4E+01,8.5E+01,1.24E+02,2.83E+02,5.05E+02,1.105E+03,1.6E+02,6.93E+02,1.254E+03,NaN,NaN,NaN,1.311E+03,2.592E+03,3.663E+03,4.5E+01,7.6E+01,1.03E+02,1E+00,2E+00,3E+00,4E+00,5E+00,
0E+00,7.084999999999809E+01,2.915000000000191E+01,1.798920647611433E+00,6.050000000000182E+00,5.9321278606036245E+01,1E+00,2E+00,3E+00,4E+00,7E+00,1.6E+02,4.4E+01,8.5E+01,1.24E+02,2.83E+02,5.05E+02,1.105E+03,1.6E+02,6.93E+02,1.254E+03,NaN,NaN,NaN,1.4E+03,2.592E+03,3.663E+03,4.3E+01,8.1E+01,1.03E+02,1E+00,2E+00,3E+00,4E+00,5E+00,
0E+00,8.724999999999227E+01,1.275000000000773E+01,1E+00,5.999999999999516E-01,5.8798693917584075E+01,1E+00,2E+00,3E+00,4E+00,7E+00,1.52E+02,4.4E+01,7.8E+01,1.24E+02,2.7E+02,4.92E+02,6.2E+02,6.9E+01,7.38E+02,1.254E+03,NaN,NaN,NaN,1.311E+03,2.592E+03,3.663E+03,4.2E+01,8.1E+01,1.03E+02,1E+00,2E+00,3E+00,4E+00,5E+00,
0E+00,8.814999999999827E+01,1.1850000000001728E+01,6.000000000000001E-01,5.499999999999261E-01,5.933760096553975E+01,1E+00,2E+00,3E+00,4E+00,7E+00,1.46E+02,4.4E+01,6.9E+01,1E+02,3.23E+02,5.05E+02,6.2E+02,6.9E+01,7.21E+02,1.254E+03,NaN,NaN,NaN,1.555E+03,2.701E+03,3.663E+03,4.2E+01,8.1E+01,1.03E+02,1E+00,2E+00,3E+00,4E+00,5E+00,
0E+00,8.714999999999917E+01,1.2850000000000819E+01,1E+00,5.499999999999261E-01,5.906831874068714E+01,1E+00,2E+00,3E+00,4E+00,8E+00,1.46E+02,4.4E+01,6.9E+01,1E+02,3.33E+02,5.05E+02,6.2E+02,6.9E+01,7.21E+02,1.254E+03,NaN,NaN,NaN,1.555E+03,2.701E+03,3.663E+03,4.2E+01,8.1E+01,1.03E+02,1E+00,2E+00,3E+00,4E+00,5E+00,
0E+00,8.460000000000946E+01,1.5399999999990541E+01,6.000000000000001E-01,9.500000000002726E-01,5.9168381901121734E+01,1E+00,2E+00,3E+00,4E+00,7E+00,1.46E+02,4.4E+01,6.9E+01,1.24E+02,2.83E+02,5.05E+02,6.2E+02,6.9E+01,7.53E+02,1.254E+03,NaN,NaN,NaN,1.838E+03,2.975E+03,3.663E+03,4.3E+01,8.4E+01,1.03E+02,1E+00,2E+00,3E+00,4E+00,5E+00,
0E+00,8.889999999999189E+01,1.1100000000008109E+01,1.2E+00,6.999999999996476E-01,5.920295985311345E+01,1E+00,2E+00,3E+00,4E+00,7E+00,1.46E+02,4.4E+01,6.9E+01,1E+02,3.23E+02,5.05E+02,6.2E+02,6.9E+01,7.21E+02,1.254E+03,NaN,NaN,NaN,1.555E+03,2.701E+03,3.663E+03,4.2E+01,8.1E+01,1.03E+02,1E+00,2E+00,3E+00,4E+00,5E+00,
0E+00,8.84500000000071E+01,1.1549999999992906E+01,8E-01,1.700000000000017E+00,5.924018070589433E+01,1E+00,2E+00,3E+00,4E+00,7E+00,1.46E+02,4.4E+01,6.9E+01,1.24E+02,2.83E+02,5.05E+02,6.2E+02,6.9E+01,7.53E+02,1.254E+03,NaN,NaN,NaN,1.808E+03,2.975E+03,3.663E+03,4.3E+01,8.4E+01,1.03E+02,1E+00,2E+00,3E+00,4E+00,5E+00,
0E+00,8.860000000000355E+01,1.1399999999996453E+01,6.000000000000001E-01,6.000000000004491E-01,5.9099030226709495E+01,1E+00,2E+00,3E+00,4E+00,7E+00,1.29E+02,4.4E+01,7.8E+01,1.24E+02,3.23E+02,5.05E+02,6.2E+02,6.9E+01,7.53E+02,1.254E+03,NaN,NaN,NaN,1.838E+03,2.931E+03,3.663E+03,4.3E+01,8.4E+01,1.03E+02,1E+00,2E+00,3E+00,4E+00,5E+00,
0E+00,8.550000000000409E+01,1.4499999999995893E+01,1E+00,8.499999999998665E-01,5.912687857021025E+01,1E+00,2E+00,3E+00,4E+00,7E+00,1.29E+02,4.4E+01,6.9E+01,1.24E+02,3.33E+02,5.05E+02,6.2E+02,6.9E+01,7.53E+02,1.254E+03,NaN,NaN,NaN,1.838E+03,2.931E+03,3.663E+03,4.5E+01,8.4E+01,1.03E+02,1E+00,2E+00,3E+00,4E+00,5E+00,
0E+00,8.5349999999994E+01,1.4650000000006003E+01,8E-01,2.5499999999998835E+00,5.9150787033830845E+01,1E+00,2E+00,3E+00,4E+00,7E+00,1.46E+02,4.4E+01,6.9E+01,1.24E+02,3.23E+02,5.05E+02,6.2E+02,6.9E+01,7.53E+02,1.254E+03,NaN,NaN,NaN,1.838E+03,2.975E+03,3.663E+03,4.5E+01,8.4E+01,1.03E+02,1E+00,2E+00,3E+00,4E+00,5E+00,
0E+00,8.850000000000591E+01,1.1499999999994088E+01,6.000000000000001E-01,5.500000000004235E-01,5.9123207874669724E+01,1E+00,2E+00,3E+00,4E+00,8E+00,1.46E+02,4.4E+01,6.9E+01,1E+02,3.33E+02,5.05E+02,6.2E+02,6.9E+01,7.21E+02,1.254E+03,NaN,NaN,NaN,1.555E+03,2.701E+03,3.663E+03,4.2E+01,8.1E+01,1.03E+02,1E+00,2E+00,3E+00,4E+00,5E+00,
0E+00,8.915000000000191E+01,1.084999999999809E+01,8E-01,7.000000000004292E-01,5.924270125016549E+01,1E+00,2E+00,3E+00,4E+00,7E+00,1.46E+02,4.4E+01,6.9E+01,1E+02,3.23E+02,5.05E+02,6.2E+02,6.9E+01,7.21E+02,1.254E+03,NaN,NaN,NaN,1.555E+03,2.701E+03,3.663E+03,4.2E+01,8.1E+01,1.03E+02,1E+00,2E+00,3E+00,4E+00,5E+00,
0E+00,7.329999999999245E+01,2.670000000000755E+01,1.4E+00,1.0750000000000243E+01,5.922324656380072E+01,1E+00,2E+00,3E+00,4E+00,7E+00,1.29E+02,4.4E+01,6.9E+01,1E+02,3.23E+02,5.05E+02,6.2E+02,6.9E+01,7.53E+02,1.254E+03,NaN,NaN,NaN,1.838E+03,3.005E+03,3.663E+03,4.2E+01,8.1E+01,1.03E+02,1E+00,2E+00,3E+00,4E+00,5E+00,
0E+00,7.265000000000784E+01,2.734999999999218E+01,1.9999999999999998E+00,1.0899999999999821E+01,5.922119097429803E+01,1E+00,2E+00,3E+00,4E+00,7E+00,1.29E+02,4.4E+01,7.8E+01,1.24E+02,3.23E+02,5.05E+02,6.2E+02,6.9E+01,7.53E+02,1.254E+03,NaN,NaN,NaN,1.838E+03,2.931E+03,3.663E+03,4.3E+01,8.4E+01,1.03E+02,1E+00,2E+00,3E+00,4E+00,5E+00,
0E+00,8.83000000000061E+01,1.169999999999392E+01,8E-01,5.000000000003268E-01,5.9202641726166604E+01,1E+00,2E+00,3E+00,4E+00,7E+00,1.46E+02,4.4E+01,6.9E+01,1.24E+02,2.83E+02,5.05E+02,6.2E+02,6.9E+01,7.53E+02,1.254E+03,NaN,NaN,NaN,1.838E+03,2.975E+03,3.663E+03,4.3E+01,8.4E+01,1.03E+02,1E+00,2E+00,3E+00,4E+00,5E+00,
