timestamp,workload,io_wait,memory_usage,disk_write_bytes,cpu_usage,disk_read_bytes,cpu_idle,app_http_request_latency_houses_POST_0.5,app_http_request_latency_houses_POST_0.9,app_http_request_latency_houses_POST_0.99,app_http_request_latency_metrics_GET_0.5,app_http_request_latency_metrics_GET_0.9,app_http_request_latency_metrics_GET_0.99,app_http_request_latency_recipes_GET_0.5,app_http_request_latency_recipes_GET_0.9,app_http_request_latency_recipes_GET_0.99,app_http_request_latency_recipes_POST_0.5,app_http_request_latency_recipes_POST_0.9,app_http_request_latency_recipes_POST_0.99,app_http_request_latency_schedules_POST_0.5,app_http_request_latency_schedules_POST_0.9,app_http_request_latency_schedules_POST_0.99,app_http_request_latency_storages_POST_0.5,app_http_request_latency_storages_POST_0.9,app_http_request_latency_storages_POST_0.99,app_http_request_latency_users_POST_0.5,app_http_request_latency_users_POST_0.9,app_http_request_latency_users_POST_0.99,pg_checkpoint_completion_target,pg_default_statistics_target,pg_effective_cache_size_mb,pg_maintenance_work_mem_mb,pg_max_wal_size_gb,pg_min_wal_size_mb,pg_random_page_cost,pg_shared_buffers_mb,pg_wal_buffers_mb,pg_work_mem_kb,
1519758804,3,2.0000000000000284,61.13298709701574,705331.2,16.749999999974534,0,83.25000000002547,44,66,90,1,2,3,0,0,1,53,70,122,23,638,638,378,755,755,37,72,90,0.7,100,128,16,2,1000,4,128,128,1024,
1519758806,3,2.0000000000000284,61.13298709701574,705331.2,16.749999999974534,0,83.25000000002547,44,66,90,1,2,3,0,0,1,53,70,122,23,638,638,378,755,755,37,72,90,0.7,100,128,16,2,1000,4,128,128,1024,
1519758808,2.6,2.0000000000000284,61.13298709701574,705331.2,16.749999999974534,0,83.25000000002547,44,66,90,1,2,3,0,1,2,53,72,122,23,638,638,378,755,755,37,72,90,0.7,100,128,16,2,1000,4,128,128,1024,
1519758810,2.6,0.999999999999801,60.851053208200135,96665.6,4.799999999995634,819.2,95.20000000000437,44,66,90,1,2,3,0,1,2,53,72,122,23,638,638,378,755,755,37,72,90,0.7,100,128,16,2,1000,4,128,128,1024,
1519758812,2.6,0.999999999999801,60.851053208200135,96665.6,4.799999999995634,819.2,95.20000000000437,44,66,90,1,2,3,0,1,2,53,72,122,23,638,638,378,755,755,37,72,90,0.7,100,128,16,2,1000,4,128,128,1024,
1519758814,5,20.55000000000007,60.857024206279384,913408,25.850000000027634,0,74.14999999997237,44,66,90,1,2,3,0,1,1,53,70,118,24,647,1301,378,755,755,37,72,90,0.7,100,128,16,2,1000,4,128,128,1024,
1519758816,5,20.55000000000007,60.857024206279384,913408,25.850000000027634,0,74.14999999997237,44,66,90,1,2,3,0,1,1,53,70,118,24,647,1301,378,755,755,37,72,90,0.7,100,128,16,2,1000,4,128,128,1024,
1519758818,4.4,20.55000000000007,60.857024206279384,913408,25.850000000027634,0,74.14999999997237,44,66,90,1,2,3,0,1,1,53,70,118,46,1226,1301,1612,3569,3569,37,72,90,0.7,100,128,16,2,1000,4,128,128,1024,
1519758820,4.4,21.000000000000227,61.15792335538769,1.503232e+06,37.75000000000546,819.2,62.24999999999454,44,66,90,1,2,3,0,1,1,53,70,118,46,1226,1301,1612,3569,3569,37,72,90,0.7,100,128,16,2,1000,4,128,128,1024,
1519758822,4.4,21.000000000000227,61.15792335538769,1.503232e+06,37.75000000000546,819.2,62.24999999999454,44,66,90,1,2,3,0,1,1,53,70,118,46,1226,1301,1612,3569,3569,37,72,90,0.7,100,128,16,2,1000,4,128,128,1024,
1519758824,3.4,6.799999999999927,60.90797346038181,331776,13.249999999979991,9830.4,86.75000000002001,44,90,93,1,2,3,0,0,1,54,72,118,46,1226,1301,1612,3569,3569,36,72,90,0.7,100,128,16,2,1000,4,128,128,1024,
1519758826,3.4,6.799999999999927,60.90797346038181,331776,13.249999999979991,9830.4,86.75000000002001,44,90,93,1,2,3,0,0,1,54,72,118,46,1226,1301,1612,3569,3569,36,72,90,0.7,100,128,16,2,1000,4,128,128,1024,
1519758828,2.6,6.799999999999927,60.90797346038181,331776,13.249999999979991,9830.4,86.75000000002001,44,90,93,1,2,3,0,0,1,53,72,118,46,1226,1301,1612,3569,3569,36,72,90,0.7,100,128,16,2,1000,4,128,128,1024,
1519758830,2.6,0.3999999999997783,61.16247501785793,80281.6,14.899999999997817,819.2,85.10000000000218,44,90,93,1,2,3,0,0,1,53,72,118,46,1226,1301,1612,3569,3569,36,72,90,0.7,100,128,16,2,1000,4,128,128,1024,
1519758832,2.6,0.3999999999997783,61.16247501785793,80281.6,14.899999999997817,819.2,85.10000000000218,44,90,93,1,2,3,0,0,1,53,72,118,46,1226,1301,1612,3569,3569,36,72,90,0.7,100,128,16,2,1000,4,128,128,1024,
1519758834,3.8,12.10000000000008,61.27054029457087,1.1444224e+06,18.74999999999092,0,81.25000000000911,44,90,93,1,2,3,0,0,1,54,72,118,44,686,1301,1242,3099,3569,36,72,90,0.7,100,128,16,2,1000,4,128,128,1024,
1519758836,3.8,12.10000000000008,61.27054029457087,1.1444224e+06,18.74999999999092,0,81.25000000000911,44,90,93,1,2,3,0,0,1,54,72,118,44,686,1301,1242,3099,3569,36,72,90,0.7,100,128,16,2,1000,4,128,128,1024,
1519758838,2.6,12.10000000000008,61.27054029457087,1.1444224e+06,18.74999999999092,0,81.25000000000911,44,90,93,1,2,3,0,0,1,54,73,118,44,686,1301,1242,3099,3569,36,72,90,0.7,100,128,16,2,1000,4,128,128,1024,
1519758840,2.6,1.0500000000000396,61.00287317575608,170393.6,10.200000000004366,819.2,89.79999999999563,44,90,93,1,2,3,0,0,1,54,73,118,44,686,1301,1242,3099,3569,36,72,90,0.7,100,128,16,2,1000,4,128,128,1024,
1519758842,2.6,1.0500000000000396,61.00287317575608,170393.6,10.200000000004366,819.2,89.79999999999563,44,90,93,1,2,3,0,0,1,54,73,118,44,686,1301,1242,3099,3569,36,72,90,0.7,100,128,16,2,1000,4,128,128,1024,
1519758844,3.4,10.049999999999812,61.01716441706051,464486.4,18.19999999999709,0,81.80000000000291,44,90,93,1,2,3,0,0,1,54,73,118,44,647,1301,1242,3099,3569,36,72,90,0.7,100,128,16,2,1000,4,128,128,1024,
1519758846,3.4,10.049999999999812,61.01716441706051,464486.4,18.19999999999709,0,81.80000000000291,44,90,93,1,2,3,0,0,1,54,73,118,44,647,1301,1242,3099,3569,36,72,90,0.7,100,128,16,2,1000,4,128,128,1024,
1519758848,3.8,10.049999999999812,61.01716441706051,464486.4,18.19999999999709,0,81.80000000000291,44,90,93,1,2,3,0,0,1,54,73,118,44,686,1301,1242,3099,3569,36,72,90,0.7,100,128,16,2,1000,4,128,128,1024,
1519758850,3.8,13.39999999999989,61.3009825962536,1.2394496e+06,19.600000000018554,819.2,80.39999999998145,44,90,93,1,2,3,0,0,1,54,73,118,44,686,1301,1242,3099,3569,36,72,90,0.7,100,128,16,2,1000,4,128,128,1024,
1519758852,3.8,13.39999999999989,61.3009825962536,1.2394496e+06,19.600000000018554,819.2,80.39999999998145,44,90,93,1,2,3,0,0,1,54,73,118,44,686,1301,1242,3099,3569,36,72,90,0.7,100,128,16,2,1000,4,128,128,1024,
1519758854,4.2,6.8000000000004945,61.02448133683795,964198.4,12.400000000006912,0,87.59999999999309,44,90,93,1,2,3,0,0,1,53,72,118,44,686,1301,1242,3099,3569,35,72,90,0.7,100,128,16,2,1000,4,128,128,1024,
1519758856,4.2,6.8000000000004945,61.02448133683795,964198.4,12.400000000006912,0,87.59999999999309,44,90,93,1,2,3,0,0,1,53,72,118,44,686,1301,1242,3099,3569,35,72,90,0.7,100,128,16,2,1000,4,128,128,1024,
1519758858,6.4,6.8000000000004945,61.02448133683795,964198.4,12.400000000006912,0,87.59999999999309,44,90,93,1,2,3,0,0,1,53,72,118,27,644,1301,821,2944,3569,30,72,90,0.7,100,128,16,2,1000,4,128,128,1024,
1519758860,6.4,8.199999999999505,61.02940006886225,457932.8,12.749999999987267,819.2,87.25000000001273,44,90,93,1,2,3,0,0,1,53,72,118,27,644,1301,821,2944,3569,30,72,90,0.7,100,128,16,2,1000,4,128,128,1024,
1519758862,6.4,8.199999999999505,61.02940006886225,457932.8,12.749999999987267,819.2,87.25000000001273,44,90,93,1,2,3,0,0,1,53,72,118,27,644,1301,821,2944,3569,30,72,90,0.7,100,128,16,2,1000,4,128,128,1024,
1519758864,4.800000000000001,7.300000000000181,61.03551789476312,634880,12.70000000001346,0,87.29999999998654,44,90,93,1,2,3,0,0,1,53,73,118,26,647,1301,820,2944,3569,30,63,90,0.7,100,128,16,2,1000,4,128,128,1024,
1519758866,4.800000000000001,7.300000000000181,61.03551789476312,634880,12.70000000001346,0,87.29999999998654,44,90,93,1,2,3,0,0,1,53,73,118,26,647,1301,820,2944,3569,30,63,90,0.7,100,128,16,2,1000,4,128,128,1024,
1519758868,2.2,7.300000000000181,61.03551789476312,634880,12.70000000001346,0,87.29999999998654,44,90,93,1,2,3,0,0,1,53,73,118,26,647,1301,820,2944,3569,30,63,90,0.7,100,128,16,2,1000,4,128,128,1024,
1519758870,2.2,0.20000000000010232,61.036741459943286,69632,3.099999999994907,0,96.9000000000051,44,90,93,1,2,3,0,0,1,53,73,118,26,647,1301,820,2944,3569,30,63,90,0.7,100,128,16,2,1000,4,128,128,1024,
1519758872,2.2,0.20000000000010232,61.036741459943286,69632,3.099999999994907,0,96.9000000000051,44,90,93,1,2,3,0,0,1,53,73,118,26,647,1301,820,2944,3569,30,63,90,0.7,100,128,16,2,1000,4,128,128,1024,
1519758874,3.8,4.099999999999966,61.048512156976564,712704,9.699999999993452,0,90.30000000000655,44,90,93,1,2,3,0,0,1,53,73,118,25,644,1301,820,2944,3569,30,63,90,0.7,100,128,16,2,1000,4,128,128,1024,
1519758876,3.8,4.099999999999966,61.048512156976564,712704,9.699999999993452,0,90.30000000000655,44,90,93,1,2,3,0,0,1,53,73,118,25,644,1301,820,2944,3569,30,63,90,0.7,100,128,16,2,1000,4,128,128,1024,
1519758878,3.8000000000000003,4.099999999999966,61.048512156976564,712704,9.699999999993452,0,90.30000000000655,44,90,93,1,2,3,0,0,1,53,72,118,24,638,1301,755,2944,3569,30,63,90,0.7,100,128,16,2,1000,4,128,128,1024,
1519758880,3.8000000000000003,8.25000000000017,61.04332424061263,776601.6,13.699999999989814,819.2,86.30000000001019,44,90,93,1,2,3,0,0,1,53,72,118,24,638,1301,755,2944,3569,30,63,90,0.7,100,128,16,2,1000,4,128,128,1024,
1519758882,3.8000000000000003,8.25000000000017,61.04332424061263,776601.6,13.699999999989814,819.2,86.30000000001019,44,90,93,1,2,3,0,0,1,53,72,118,24,638,1301,755,2944,3569,30,63,90,0.7,100,128,16,2,1000,4,128,128,1024,
1519758884,4.2,17.299999999999613,61.04716623527837,1.2132352e+06,22.450000000026193,0,77.54999999997379,44,90,93,1,2,3,0,0,1,53,72,118,23,638,1301,821,2944,3569,30,63,90,0.7,100,128,16,2,1000,4,128,128,1024,
1519758886,4.2,17.299999999999613,61.04716623527837,1.2132352e+06,22.450000000026193,0,77.54999999997379,44,90,93,1,2,3,0,0,1,53,72,118,23,638,1301,821,2944,3569,30,63,90,0.7,100,128,16,2,1000,4,128,128,1024,
1519758888,4.6000000000000005,17.299999999999613,61.04716623527837,1.2132352e+06,22.450000000026193,0,77.54999999997379,44,90,93,1,2,3,0,0,1,53,72,118,23,638,1304,1109,2944,3569,30,63,90,0.7,100,128,16,2,1000,4,128,128,1024,
1519758890,4.6000000000000005,21.90000000000012,60.319438608718286,1.1173888e+06,32.49999999999092,819.2,67.50000000000911,44,90,93,1,2,3,0,0,1,53,72,118,23,638,1304,1109,2944,3569,30,63,90,0.7,100,128,16,2,1000,4,128,128,1024,
1519758892,4.6000000000000005,21.90000000000012,60.319438608718286,1.1173888e+06,32.49999999999092,819.2,67.50000000000911,44,90,93,1,2,3,0,0,1,53,72,118,23,638,1304,1109,2944,3569,30,63,90,0.7,100,128,16,2,1000,4,128,128,1024,
1519758894,2.2,1.8499999999998806,59.76389107431225,195788.8,5.949999999984357,0,94.05000000001564,44,90,93,1,2,3,0,0,1,53,72,118,23,638,1304,1109,2944,3569,30,63,90,0.7,100,128,16,2,1000,4,128,128,1024,
1519758896,2.2,1.8499999999998806,59.76389107431225,195788.8,5.949999999984357,0,94.05000000001564,44,90,93,1,2,3,0,0,1,53,72,118,23,638,1304,1109,2944,3569,30,63,90,0.7,100,128,16,2,1000,4,128,128,1024,
1519758898,2.4,1.8499999999998806,59.76389107431225,195788.8,5.949999999984357,0,94.05000000001564,44,90,93,1,2,3,0,0,1,53,72,118,23,638,1304,1109,2944,3569,30,63,90,0.7,100,128,16,2,1000,4,128,128,1024,
1519758900,2.4,2.0500000000005514,59.743310707981735,166297.6,6.499999999996348,4915.2,93.50000000000365,44,90,93,1,2,3,0,0,1,53,72,118,23,638,1304,1109,2944,3569,30,63,90,0.7,100,128,16,2,1000,4,128,128,1024,
1519758902,2.4,2.0500000000005514,59.743310707981735,166297.6,6.499999999996348,4915.2,93.50000000000365,44,90,93,1,2,3,0,0,1,53,72,118,23,638,1304,1109,2944,3569,30,63,90,0.7,100,128,16,2,1000,4,128,128,1024,
1519758904,5.4,19.199999999999452,60.039095354636906,1.3615104e+06,25.950000000002547,0,74.04999999999745,44,90,93,1,2,3,0,0,1,53,72,118,24,638,1304,1109,2944,3569,30,63,90,0.7,100,128,16,2,1000,4,128,128,1024,
1519758906,5.4,19.199999999999452,60.039095354636906,1.3615104e+06,25.950000000002547,0,74.04999999999745,44,90,93,1,2,3,0,0,1,53,72,118,24,638,1304,1109,2944,3569,30,63,90,0.7,100,128,16,2,1000,4,128,128,1024,
1519758908,1.6,19.199999999999452,60.039095354636906,1.3615104e+06,25.950000000002547,0,74.04999999999745,44,90,93,1,2,3,0,0,1,53,73,118,24,638,1304,1040,2944,3569,35,63,90,0.7,100,128,16,2,1000,4,128,128,1024,
1519758910,1.6,2.500000000000284,59.759657538788844,321126.4,6.399999999985084,819.2,93.60000000001492,44,90,93,1,2,3,0,0,1,53,73,118,24,638,1304,1040,2944,3569,35,63,90,0.7,100,128,16,2,1000,4,128,128,1024,
1519758912,1.6,2.500000000000284,59.759657538788844,321126.4,6.399999999985084,819.2,93.60000000001492,44,90,93,1,2,3,0,0,1,53,73,118,24,638,1304,1040,2944,3569,35,63,90,0.7,100,128,16,2,1000,4,128,128,1024,
1519758914,2.2,0.9999999999998013,59.79389289253011,63897.6,8.050000000002925,0,91.94999999999709,44,90,93,1,1,3,0,0,1,52,72,118,24,638,1304,1040,2944,3569,35,63,90,0.7,100,128,16,2,1000,4,128,128,1024,
1519758916,2.2,0.9999999999998013,59.79389289253011,63897.6,8.050000000002925,0,91.94999999999709,44,90,93,1,1,3,0,0,1,52,72,118,24,638,1304,1040,2944,3569,35,63,90,0.7,100,128,16,2,1000,4,128,128,1024,
1519758918,1.8,0.9999999999998013,59.79389289253011,63897.6,8.050000000002925,0,91.94999999999709,44,90,93,1,1,3,0,0,1,53,72,118,24,638,1304,1040,2944,3569,35,63,90,0.7,100,128,16,2,1000,4,128,128,1024,
1519758920,1.8,0.6500000000001194,60.09958841714469,706150.4,5.35000000003491,819.2,94.64999999996509,44,90,93,1,1,3,0,0,1,53,72,118,24,638,1304,1040,2944,3569,35,63,90,0.7,100,128,16,2,1000,4,128,128,1024,
1519758922,1.8,0.6500000000001194,60.09958841714469,706150.4,5.35000000003491,819.2,94.64999999996509,44,90,93,1,1,3,0,0,1,53,72,118,24,638,1304,1040,2944,3569,35,63,90,0.7,100,128,16,2,1000,4,128,128,1024,
1519758924,1.8,0.6000000000001648,59.82773670541371,101580.8,4.499999999961801,0,95.5000000000382,44,90,93,1,2,3,0,0,1,52,72,118,24,638,1304,1040,2944,3569,35,63,90,0.7,100,128,16,2,1000,4,128,128,1024,
1519758926,1.8,0.6000000000001648,59.82773670541371,101580.8,4.499999999961801,0,95.5000000000382,44,90,93,1,2,3,0,0,1,52,72,118,24,638,1304,1040,2944,3569,35,63,90,0.7,100,128,16,2,1000,4,128,128,1024,
1519758928,3.2,0.6000000000001648,59.82773670541371,101580.8,4.499999999961801,0,95.5000000000382,44,90,93,1,2,3,0,0,1,52,72,118,24,637,1304,1005,2944,3569,35,63,90,0.7,100,128,16,2,1000,4,128,128,1024,
1519758930,3.2,10.999999999999517,59.92647841545372,492339.2,24.350000000004002,1638.4,75.649999999996,44,90,93,1,2,3,0,0,1,52,72,118,24,637,1304,1005,2944,3569,35,63,90,0.7,100,128,16,2,1000,4,128,128,1024,
1519758932,3.2,10.999999999999517,59.92647841545372,492339.2,24.350000000004002,1638.4,75.649999999996,44,90,93,1,2,3,0,0,1,52,72,118,24,637,1304,1005,2944,3569,35,63,90,0.7,100,128,16,2,1000,4,128,128,1024,
1519758934,4.6,10.650000000000121,60.330450695339856,1.0231808e+06,26.450000000022555,0,73.54999999997744,44,90,134,1,2,3,0,0,1,53,74,118,24,637,1304,1005,2944,3569,36,63,90,0.7,100,128,16,2,1000,4,128,128,1024,
1519758936,4.6,10.650000000000121,60.330450695339856,1.0231808e+06,26.450000000022555,0,73.54999999997744,44,90,134,1,2,3,0,0,1,53,74,118,24,637,1304,1005,2944,3569,36,63,90,0.7,100,128,16,2,1000,4,128,128,1024,
1519758938,2,10.650000000000121,60.330450695339856,1.0231808e+06,26.450000000022555,0,73.54999999997744,44,90,134,1,2,3,0,0,1,53,74,118,24,637,1304,1005,2556,3569,36,63,90,0.7,100,128,16,2,1000,4,128,128,1024,
1519758940,2,3.650000000000375,59.970722532368804,277708.8,8.150000000005093,1638.4,91.8499999999949,44,90,134,1,2,3,0,0,1,53,74,118,24,637,1304,1005,2556,3569,36,63,90,0.7,100,128,16,2,1000,4,128,128,1024,
1519758942,2,3.650000000000375,59.970722532368804,277708.8,8.150000000005093,1638.4,91.8499999999949,44,90,134,1,2,3,0,0,1,53,74,118,24,637,1304,1005,2556,3569,36,63,90,0.7,100,128,16,2,1000,4,128,128,1024,
1519758944,2.2,1.2999999999999547,59.974637940945364,159744,4.899999999970532,0,95.10000000002947,44,90,134,1,2,3,0,1,1,53,75,118,24,637,1304,1005,2556,3569,36,63,90,0.7,100,128,16,2,1000,4,128,128,1024,
1519758946,2.2,1.2999999999999547,59.974637940945364,159744,4.899999999970532,0,95.10000000002947,44,90,134,1,2,3,0,1,1,53,75,118,24,637,1304,1005,2556,3569,36,63,90,0.7,100,128,16,2,1000,4,128,128,1024,
1519758948,2.2,1.2999999999999547,59.974637940945364,159744,4.899999999970532,0,95.10000000002947,44,90,134,1,2,3,0,1,1,53,75,118,24,637,1304,1005,2556,3569,36,61,90,0.7,100,128,16,2,1000,4,128,128,1024,
1519758950,2.2,0.6999999999995055,60.249328323894346,526745.6,5.400000000026921,15564.8,94.59999999997308,44,90,134,1,2,3,0,1,1,53,75,118,24,637,1304,1005,2556,3569,36,61,90,0.7,100,128,16,2,1000,4,128,128,1024,
1519758952,2.2,0.6999999999995055,60.249328323894346,526745.6,5.400000000026921,15564.8,94.59999999997308,44,90,134,1,2,3,0,1,1,53,75,118,24,637,1304,1005,2556,3569,36,61,90,0.7,100,128,16,2,1000,4,128,128,1024,
1519758954,2.2,5.35000000000025,59.853823115055015,298188.8,10.650000000014188,0,89.34999999998581,44,90,134,1,2,3,0,1,2,53,75,118,24,637,1304,1005,2556,3569,36,61,90,0.7,100,128,16,2,1000,4,128,128,1024,
1519758956,2.2,5.35000000000025,59.853823115055015,298188.8,10.650000000014188,0,89.34999999998581,44,90,134,1,2,3,0,1,2,53,75,118,24,637,1304,1005,2556,3569,36,61,90,0.7,100,128,16,2,1000,4,128,128,1024,
1519758958,4.4,5.35000000000025,59.853823115055015,298188.8,10.650000000014188,0,89.34999999998581,44,90,134,1,2,3,0,1,2,53,75,118,24,637,1304,959,2556,3569,36,61,90,0.7,100,128,16,2,1000,4,128,128,1024,
1519758960,4.4,15.349999999999826,59.84670196570641,697958.4,20.19999999997708,1638.4,79.80000000002292,44,90,134,1,2,3,0,1,2,53,75,118,24,637,1304,959,2556,3569,36,61,90,0.7,100,128,16,2,1000,4,128,128,1024,
1519758962,4.4,15.349999999999826,59.84670196570641,697958.4,20.19999999997708,1638.4,79.80000000002292,44,90,134,1,2,3,0,1,2,53,75,118,24,637,1304,959,2556,3569,36,61,90,0.7,100,128,16,2,1000,4,128,128,1024,
1519758964,3,1.0500000000001821,59.850397132550526,119603.2,4.549999999999272,819.2,95.45000000000073,44,90,134,1,2,2,0,1,2,53,75,118,24,637,1304,959,2556,3569,36,61,90,0.7,100,128,16,2,1000,4,128,128,1024,
1519758966,3,1.0500000000001821,59.850397132550526,119603.2,4.549999999999272,819.2,95.45000000000073,44,90,134,1,2,2,0,1,2,53,75,118,24,637,1304,959,2556,3569,36,61,90,0.7,100,128,16,2,1000,4,128,128,1024,
1519758968,2.4000000000000004,1.0500000000001821,59.850397132550526,119603.2,4.549999999999272,819.2,95.45000000000073,44,90,134,1,2,2,0,1,1,53,75,118,24,637,1304,959,2556,3569,35,61,90,0.7,100,128,16,2,1000,4,128,128,1024,
1519758970,2.4000000000000004,1.8999999999998352,60.167202629001096,691404.8,9.500000000016357,2457.6,90.49999999998363,44,90,134,1,2,2,0,1,1,53,75,118,24,637,1304,959,2556,3569,35,61,90,0.7,100,128,16,2,1000,4,128,128,1024,
1519758972,2.4000000000000004,1.8999999999998352,60.167202629001096,691404.8,9.500000000016357,2457.6,90.49999999998363,44,90,134,1,2,2,0,1,1,53,75,118,24,637,1304,959,2556,3569,35,61,90,0.7,100,128,16,2,1000,4,128,128,1024,
1519758974,2,0.35000000000039216,59.88377599066567,38502.4,3.2999999999810683,0,96.70000000001893,44,90,134,1,2,2,0,1,1,53,75,118,24,637,1304,959,2556,3569,35,61,90,0.7,100,128,16,2,1000,4,128,128,1024,
1519758976,2,0.35000000000039216,59.88377599066567,38502.4,3.2999999999810683,0,96.70000000001893,44,90,134,1,2,2,0,1,1,53,75,118,24,637,1304,959,2556,3569,35,61,90,0.7,100,128,16,2,1000,4,128,128,1024,
1519758978,1.8,0.35000000000039216,59.88377599066567,38502.4,3.2999999999810683,0,96.70000000001893,44,90,134,1,2,2,0,1,1,53,75,118,24,637,1304,959,2556,3569,35,61,90,0.7,100,128,16,2,1000,4,128,128,1024,
1519758980,1.8,1.3500000000000512,60.116082075773434,185139.2,11.700000000018917,1638.4,88.29999999998108,44,90,134,1,2,2,0,1,1,53,75,118,24,637,1304,959,2556,3569,35,61,90,0.7,100,128,16,2,1000,4,128,128,1024,
1519758982,1.8,1.3500000000000512,60.116082075773434,185139.2,11.700000000018917,1638.4,88.29999999998108,44,90,134,1,2,2,0,1,1,53,75,118,24,637,1304,959,2556,3569,35,61,90,0.7,100,128,16,2,1000,4,128,128,1024,
1519758984,1.2000000000000002,2.5500000000000966,60.60120119840868,630784,28.799999999973807,9011.2,71.2000000000262,44,90,134,1,2,2,0,1,1,53,75,118,24,637,1304,959,2556,3569,35,61,90,0.7,100,128,16,2,1000,4,128,128,1024,
1519758986,1.2000000000000002,2.5500000000000966,60.60120119840868,630784,28.799999999973807,9011.2,71.2000000000262,44,90,134,1,2,2,0,1,1,53,75,118,24,637,1304,959,2556,3569,35,61,90,0.7,100,128,16,2,1000,4,128,128,1024,
1519758988,4.2,2.5500000000000966,60.60120119840868,630784,28.799999999973807,9011.2,71.2000000000262,44,90,134,1,2,2,0,1,1,54,76,118,24,638,1304,959,2556,3569,35,61,90,0.7,100,128,16,2,1000,4,128,128,1024,
1519758990,4.2,9.499999999999458,60.430269142738425,451379.2,22.599999999993088,20480,77.40000000000691,44,90,134,1,2,2,0,1,1,54,76,118,24,638,1304,959,2556,3569,35,61,90,0.7,100,128,16,2,1000,4,128,128,1024,
1519758992,4.2,9.499999999999458,60.430269142738425,451379.2,22.599999999993088,20480,77.40000000000691,44,90,134,1,2,2,0,1,1,54,76,118,24,638,1304,959,2556,3569,35,61,90,0.7,100,128,16,2,1000,4,128,128,1024,
1519758994,2.6,1.3500000000001935,60.25828482101322,112230.4,13.850000000011278,11468.8,86.14999999998872,44,90,134,1,2,2,0,1,1,54,75,118,24,638,1304,959,2556,3569,35,61,90,0.7,100,128,16,2,1000,4,128,128,1024,
1519758996,2.6,1.3500000000001935,60.25828482101322,112230.4,13.850000000011278,11468.8,86.14999999998872,44,90,134,1,2,2,0,1,1,54,75,118,24,638,1304,959,2556,3569,35,61,90,0.7,100,128,16,2,1000,4,128,128,1024,
1519758998,1.7999999999999998,1.3500000000001935,60.25828482101322,112230.4,13.850000000011278,11468.8,86.14999999998872,44,90,134,1,2,2,0,1,1,54,75,118,24,638,1304,959,2556,3569,35,61,90,0.7,100,128,16,2,1000,4,128,128,1024,
1519759000,1.7999999999999998,1.0499999999998975,60.53527550650093,642252.8,6.049999999995634,22937.6,93.95000000000438,44,90,134,1,2,2,0,1,1,54,75,118,24,638,1304,959,2556,3569,35,61,90,0.7,100,128,16,2,1000,4,128,128,1024,
1519759002,1.7999999999999998,1.0499999999998975,60.53527550650093,642252.8,6.049999999995634,22937.6,93.95000000000438,44,90,134,1,2,2,0,1,1,54,75,118,24,638,1304,959,2556,3569,35,61,90,0.7,100,128,16,2,1000,4,128,128,1024,
1519759004,2.4,7.350000000000137,60.298931656298585,534937.6,12.100000000000364,0,87.89999999999964,44,90,134,1,2,2,0,1,1,53,75,118,24,638,1304,959,2556,3569,35,61,90,0.7,100,128,16,2,1000,4,128,128,1024,
1519759006,2.4,7.350000000000137,60.298931656298585,534937.6,12.100000000000364,0,87.89999999999964,44,90,134,1,2,2,0,1,1,53,75,118,24,638,1304,959,2556,3569,35,61,90,0.7,100,128,16,2,1000,4,128,128,1024,
1519759008,5,7.350000000000137,60.298931656298585,534937.6,12.100000000000364,0,87.89999999999964,44,90,134,1,2,2,0,1,1,53,75,118,24,643,1304,959,2468,3569,35,61,90,0.7,100,128,16,2,1000,4,128,128,1024,
1519759010,5,18.149999999999977,60.153767883322786,853606.4,27.30000000000473,1638.4,72.69999999999527,44,90,134,1,2,2,0,1,1,53,75,118,24,643,1304,959,2468,3569,35,61,90,0.7,100,128,16,2,1000,4,128,128,1024,
1519759012,5,18.149999999999977,60.153767883322786,853606.4,27.30000000000473,1638.4,72.69999999999527,44,90,134,1,2,2,0,1,1,53,75,118,24,643,1304,959,2468,3569,35,61,90,0.7,100,128,16,2,1000,4,128,128,1024,
1519759014,2,0.9999999999999433,60.450311140389665,716800,5.800000000008367,0,94.19999999999163,44,90,134,1,1,2,0,1,1,54,75,118,24,643,1304,959,2468,3569,35,61,90,0.7,100,128,16,2,1000,4,128,128,1024,
1519759016,2,0.9999999999999433,60.450311140389665,716800,5.800000000008367,0,94.19999999999163,44,90,134,1,1,2,0,1,1,54,75,118,24,643,1304,959,2468,3569,35,61,90,0.7,100,128,16,2,1000,4,128,128,1024,
1519759018,3.8,0.9999999999999433,60.450311140389665,716800,5.800000000008367,0,94.19999999999163,44,90,134,1,1,2,0,1,1,53,75,117,24,643,1304,959,2468,3569,35,61,90,0.7,100,128,16,2,1000,4,128,128,1024,
1519759020,3.8,9.64999999999975,60.17028601325512,437452.8,13.849999999983993,1638.4,86.15000000001601,44,90,134,1,1,2,0,1,1,53,75,117,24,643,1304,959,2468,3569,35,61,90,0.7,100,128,16,2,1000,4,128,128,1024,
1519759022,3.8,9.64999999999975,60.17028601325512,437452.8,13.849999999983993,1638.4,86.15000000001601,44,90,134,1,1,2,0,1,1,53,75,117,24,643,1304,959,2468,3569,35,61,90,0.7,100,128,16,2,1000,4,128,128,1024,
1519759024,2.4000000000000004,3.150000000000403,60.1679857107164,203980.8,6.900000000005093,0,93.0999999999949,44,90,134,1,1,2,0,1,1,54,75,117,24,643,1304,881,2468,3569,35,61,90,0.7,100,128,16,2,1000,4,128,128,1024,
1519759026,2.4000000000000004,3.150000000000403,60.1679857107164,203980.8,6.900000000005093,0,93.0999999999949,44,90,134,1,1,2,0,1,1,54,75,117,24,643,1304,881,2468,3569,35,61,90,0.7,100,128,16,2,1000,4,128,128,1024,
1519759028,4.199999999999999,3.150000000000403,60.1679857107164,203980.8,6.900000000005093,0,93.0999999999949,44,90,134,1,1,2,0,1,1,54,75,117,24,644,1304,959,2468,3569,35,61,90,0.7,100,128,16,2,1000,4,128,128,1024,
1519759030,4.199999999999999,22.64999999999986,60.03544913039999,1.093632e+06,30.150000000021464,2457.6,69.84999999997854,44,90,134,1,1,2,0,1,1,54,75,117,24,644,1304,959,2468,3569,35,61,90,0.7,100,128,16,2,1000,4,128,128,1024,
1519759032,4.199999999999999,22.64999999999986,60.03544913039999,1.093632e+06,30.150000000021464,2457.6,69.84999999997854,44,90,134,1,1,2,0,1,1,54,75,117,24,644,1304,959,2468,3569,35,61,90,0.7,100,128,16,2,1000,4,128,128,1024,
1519759034,4.2,21.700000000000017,60.339480606369534,1.4319616e+06,33.65000000000691,0,66.34999999999309,44,90,134,1,1,2,0,1,1,54,75,117,25,647,1304,1005,2944,4120,35,61,90,0.7,100,128,16,2,1000,4,128,128,1024,
1519759036,4.2,21.700000000000017,60.339480606369534,1.4319616e+06,33.65000000000691,0,66.34999999999309,44,90,134,1,1,2,0,1,1,54,75,117,25,647,1304,1005,2944,4120,35,61,90,0.7,100,128,16,2,1000,4,128,128,1024,
1519759038,2.8,21.700000000000017,60.339480606369534,1.4319616e+06,33.65000000000691,0,66.34999999999309,44,90,134,1,1,2,0,1,1,54,75,117,25,647,1304,1005,2944,4120,36,61,90,0.7,100,128,16,2,1000,4,128,128,1024,
1519759040,2.8,1.8500000000000227,60.07935064906462,187596.8,11.449999999986176,1638.4,88.55000000001382,44,90,134,1,1,2,0,1,1,54,75,117,25,647,1304,1005,2944,4120,36,61,90,0.7,100,128,16,2,1000,4,128,128,1024,
1519759042,2.8,1.8500000000000227,60.07935064906462,187596.8,11.449999999986176,1638.4,88.55000000001382,44,90,134,1,1,2,0,1,1,54,75,117,25,647,1304,1005,2944,4120,36,61,90,0.7,100,128,16,2,1000,4,128,128,1024,
1519759044,3.8,10.89999999999975,60.17892438342716,652083.2,30.49999999998363,0,69.50000000001637,44,90,134,1,1,2,0,1,1,55,75,117,25,647,1304,1005,2944,4120,36,61,90,0.7,100,128,16,2,1000,4,128,128,1024,
1519759046,3.8,10.89999999999975,60.17892438342716,652083.2,30.49999999998363,0,69.50000000001637,44,90,134,1,1,2,0,1,1,55,75,117,25,647,1304,1005,2944,4120,36,61,90,0.7,100,128,16,2,1000,4,128,128,1024,
1519759048,2.2,10.89999999999975,60.17892438342716,652083.2,30.49999999998363,0,69.50000000001637,44,90,134,1,1,2,0,1,1,55,76,117,25,647,1304,1040,2556,4120,36,61,90,0.7,100,128,16,2,1000,4,128,128,1024,
1519759050,2.2,8.598280343931492,60.41343288585923,1.0164239152169565e+06,14.76704659068551,819.0361927614476,85.23295340931449,44,90,134,1,1,2,0,1,1,55,76,117,25,647,1304,1040,2556,4120,36,61,90,0.7,100,128,16,2,1000,4,128,128,1024,
1519759052,2.2,8.598280343931492,60.41343288585923,1.0164239152169565e+06,14.76704659068551,819.0361927614476,85.23295340931449,44,90,134,1,1,2,0,1,1,55,76,117,25,647,1304,1040,2556,4120,36,61,90,0.7,100,128,16,2,1000,4,128,128,1024,
1519759054,2.4000000000000004,1.0002000400082292,60.13213525093731,177801.9603920784,4.380876175240132,0,95.61912382475987,44,89,134,1,1,2,0,1,1,55,76,117,25,647,1304,1040,2556,4120,36,54,90,0.7,100,128,16,2,1000,4,128,128,1024,
1519759056,2.4000000000000004,1.0002000400082292,60.13213525093731,177801.9603920784,4.380876175240132,0,95.61912382475987,44,89,134,1,1,2,0,1,1,55,76,117,25,647,1304,1040,2556,4120,36,54,90,0.7,100,128,16,2,1000,4,128,128,1024,
1519759058,2.5999999999999996,1.0002000400082292,60.13213525093731,177801.9603920784,4.380876175240132,0,95.61912382475987,44,89,134,1,1,2,0,1,1,55,76,117,24,657,1304,1040,2556,4120,36,54,90,0.7,100,128,16,2,1000,4,128,128,1024,
1519759060,2.5999999999999996,8.549999999999471,60.231219559227775,585728,21.149999999988736,819.2,78.85000000001126,44,89,134,1,1,2,0,1,1,55,76,117,24,657,1304,1040,2556,4120,36,54,90,0.7,100,128,16,2,1000,4,128,128,1024,
1519759062,2.5999999999999996,8.549999999999471,60.231219559227775,585728,21.149999999988736,819.2,78.85000000001126,44,89,134,1,1,2,0,1,1,55,76,117,24,657,1304,1040,2556,4120,36,54,90,0.7,100,128,16,2,1000,4,128,128,1024,
1519759064,2.6,3.350000000000506,60.54966463301976,925696,21.300000000010172,1638.4,78.69999999998983,44,89,134,1,1,2,0,1,1,55,76,118,24,657,1304,1005,2556,4120,36,54,90,0.7,100,128,16,2,1000,4,128,128,1024,
1519759066,2.6,3.350000000000506,60.54966463301976,925696,21.300000000010172,1638.4,78.69999999998983,44,89,134,1,1,2,0,1,1,55,76,118,24,657,1304,1005,2556,4120,36,54,90,0.7,100,128,16,2,1000,4,128,128,1024,
1519759068,5,3.350000000000506,60.54966463301976,925696,21.300000000010172,1638.4,78.69999999998983,44,89,134,1,1,2,0,1,1,55,76,118,24,657,1304,1040,2556,4120,36,54,90,0.7,100,128,16,2,1000,4,128,128,1024,
1519759070,5,10.249999999999913,60.251432856004236,721715.2,32.59999999999309,1638.4,67.40000000000691,44,89,134,1,1,2,0,1,1,55,76,118,24,657,1304,1040,2556,4120,36,54,90,0.7,100,128,16,2,1000,4,128,128,1024,
1519759072,5,10.249999999999913,60.251432856004236,721715.2,32.59999999999309,1638.4,67.40000000000691,44,89,134,1,1,2,0,1,1,55,76,118,24,657,1304,1040,2556,4120,36,54,90,0.7,100,128,16,2,1000,4,128,128,1024,
1519759074,2,1.700000000000017,60.25461412547269,281804.8,21.650000000017826,0,78.34999999998217,44,89,134,1,1,2,0,1,1,55,76,118,24,657,1304,1005,2556,4120,36,54,90,0.7,100,128,16,2,1000,4,128,128,1024,
1519759076,2,1.700000000000017,60.25461412547269,281804.8,21.650000000017826,0,78.34999999998217,44,89,134,1,1,2,0,1,1,55,76,118,24,657,1304,1005,2556,4120,36,54,90,0.7,100,128,16,2,1000,4,128,128,1024,
1519759078,2.6,1.700000000000017,60.25461412547269,281804.8,21.650000000017826,0,78.34999999998217,44,89,134,1,1,2,0,1,1,55,76,118,24,657,1304,1005,2556,4120,36,54,90,0.7,100,128,16,2,1000,4,128,128,1024,
1519759080,2.6,1.9999999999998863,60.85161604818302,571801.6,23.299999999999272,3276.8,76.70000000000073,44,89,134,1,1,2,0,1,1,55,76,118,24,657,1304,1005,2556,4120,36,54,90,0.7,100,128,16,2,1000,4,128,128,1024,
1519759082,2.6,1.9999999999998863,60.85161604818302,571801.6,23.299999999999272,3276.8,76.70000000000073,44,89,134,1,1,2,0,1,1,55,76,118,24,657,1304,1005,2556,4120,36,54,90,0.7,100,128,16,2,1000,4,128,128,1024,
1519759084,1.7999999999999998,1.8499999999998809,60.45958576445538,2.3683072e+06,10.400000000017812,15564.8,89.59999999998217,44,89,134,1,1,2,0,1,1,55,76,118,24,657,1304,1005,2556,4120,36,54,90,0.7,100,128,16,2,1000,4,128,128,1024,
1519759086,1.7999999999999998,1.8499999999998809,60.45958576445538,2.3683072e+06,10.400000000017812,15564.8,89.59999999998217,44,89,134,1,1,2,0,1,1,55,76,118,24,657,1304,1005,2556,4120,36,54,90,0.7,100,128,16,2,1000,4,128,128,1024,
1519759088,2.4000000000000004,1.8499999999998809,60.45958576445538,2.3683072e+06,10.400000000017812,15564.8,89.59999999998217,44,89,134,1,1,2,0,1,1,55,76,118,24,657,1304,1005,2556,4120,36,54,90,0.7,100,128,16,2,1000,4,128,128,1024,
1519759090,2.4000000000000004,5.649999999999693,60.47639755003097,307200,10.899999999965075,1638.4,89.10000000003492,44,89,134,1,1,2,0,1,1,55,76,118,24,657,1304,1005,2556,4120,36,54,90,0.7,100,128,16,2,1000,4,128,128,1024,
1519759092,2.4000000000000004,5.649999999999693,60.47639755003097,307200,10.899999999965075,1638.4,89.10000000003492,44,89,134,1,1,2,0,1,1,55,76,118,24,657,1304,1005,2556,4120,36,54,90,0.7,100,128,16,2,1000,4,128,128,1024,
1519759094,2.8,8.000000000000112,60.82633719156063,369459.2,16.050000000013824,0,83.94999999998618,44,89,134,1,1,2,0,1,1,55,76,118,25,657,1304,1005,2556,4120,36,54,90,0.7,100,128,16,2,1000,4,128,128,1024,
1519759096,2.8,8.000000000000112,60.82633719156063,369459.2,16.050000000013824,0,83.94999999998618,44,89,134,1,1,2,0,1,1,55,76,118,25,657,1304,1005,2556,4120,36,54,90,0.7,100,128,16,2,1000,4,128,128,1024,
1519759098,4.8,8.000000000000112,60.82633719156063,369459.2,16.050000000013824,0,83.94999999998618,44,89,134,1,1,2,0,1,1,55,76,118,25,647,1301,1040,2556,4120,37,54,90,0.7,100,128,16,2,1000,4,128,128,1024,
1519759100,4.8,10.400000000000347,60.82814806802729,1.1247616e+06,31.25000000001819,0,68.74999999998181,44,89,134,1,1,2,0,1,1,55,76,118,25,647,1301,1040,2556,4120,37,54,90,0.7,100,128,16,2,1000,4,128,128,1024,
1519759102,4.8,10.400000000000347,60.82814806802729,1.1247616e+06,31.25000000001819,0,68.74999999998181,44,89,134,1,1,2,0,1,1,55,76,118,25,647,1301,1040,2556,4120,37,54,90,0.7,100,128,16,2,1000,4,128,128,1024,
1519759104,2.4,1.699999999999875,60.54413411840538,141721.6,25.64999999997781,0,74.35000000002219,44,89,134,1,1,2,0,1,1,55,76,118,25,647,1301,1005,2556,4120,37,54,90,0.7,100,128,16,2,1000,4,128,128,1024,
1519759106,2.4,1.699999999999875,60.54413411840538,141721.6,25.64999999997781,0,74.35000000002219,44,89,134,1,1,2,0,1,1,55,76,118,25,647,1301,1005,2556,4120,37,54,90,0.7,100,128,16,2,1000,4,128,128,1024,
1519759108,2,1.699999999999875,60.54413411840538,141721.6,25.64999999997781,0,74.35000000002219,44,89,134,1,1,2,0,1,1,55,77,118,25,647,1301,1005,2556,4120,37,54,90,0.7,100,128,16,2,1000,4,128,128,1024,
1519759110,2,2.1999999999999886,60.55592928674226,120422.4,21.050000000013824,0,78.94999999998618,44,89,134,1,1,2,0,1,1,55,77,118,25,647,1301,1005,2556,4120,37,54,90,0.7,100,128,16,2,1000,4,128,128,1024,
1519759112,2,2.1999999999999886,60.55592928674226,120422.4,21.050000000013824,0,78.94999999998618,44,89,134,1,1,2,0,1,1,55,77,118,25,647,1301,1005,2556,4120,37,54,90,0.7,100,128,16,2,1000,4,128,128,1024,
1519759114,7.6000000000000005,21.400000000000002,60.86874596070545,1.5065088e+06,38.699999999998916,0,61.300000000001084,44,89,134,1,1,2,0,1,1,55,79,118,26,648,1301,1040,2468,4120,37,54,90,0.7,100,128,16,2,1000,4,128,128,1024,
1519759116,7.6000000000000005,21.400000000000002,60.86874596070545,1.5065088e+06,38.699999999998916,0,61.300000000001084,44,89,134,1,1,2,0,1,1,55,79,118,26,648,1301,1040,2468,4120,37,54,90,0.7,100,128,16,2,1000,4,128,128,1024,
1519759118,4.2,21.400000000000002,60.86874596070545,1.5065088e+06,38.699999999998916,0,61.300000000001084,44,90,134,1,1,2,0,1,1,55,78,118,26,657,1301,1063,2556,4120,37,54,90,0.7,100,128,16,2,1000,4,128,128,1024,
1519759120,4.2,20.60000000000016,60.643928094500346,1.2386304e+06,39.24999999998364,0,60.75000000001637,44,90,134,1,1,2,0,1,1,55,78,118,26,657,1301,1063,2556,4120,37,54,90,0.7,100,128,16,2,1000,4,128,128,1024,
1519759122,4.2,20.60000000000016,60.643928094500346,1.2386304e+06,39.24999999998364,0,60.75000000001637,44,90,134,1,1,2,0,1,1,55,78,118,26,657,1301,1063,2556,4120,37,54,90,0.7,100,128,16,2,1000,4,128,128,1024,
1519759124,5,20.949999999999992,61.50918444731194,993689.6,48.10000000002219,1.0960896e+06,51.89999999997781,44,90,134,1,1,2,0,1,1,55,79,122,31,660,1301,1091,3013,4120,37,54,90,0.7,100,128,16,2,1000,4,128,128,1024,
1519759126,5,20.949999999999992,61.50918444731194,993689.6,48.10000000002219,1.0960896e+06,51.89999999997781,44,90,134,1,1,2,0,1,1,55,79,122,31,660,1301,1091,3013,4120,37,54,90,0.7,100,128,16,2,1000,4,128,128,1024,
1519759128,4,20.949999999999992,61.50918444731194,993689.6,48.10000000002219,1.0960896e+06,51.89999999997781,45,90,134,1,1,2,0,1,1,55,79,122,31,657,1301,1109,2944,4120,37,63,91,0.7,100,128,16,2,1000,4,128,128,1024,
1519759130,4,9.799999999999756,62.134352840469866,1.1206656e+06,40.54999999996654,9830.4,59.45000000003346,45,90,134,1,1,2,0,1,1,55,79,122,31,657,1301,1109,2944,4120,37,63,91,0.7,100,128,16,2,1000,4,128,128,1024,
1519759132,4,9.799999999999756,62.134352840469866,1.1206656e+06,40.54999999996654,9830.4,59.45000000003346,45,90,134,1,1,2,0,1,1,55,79,122,31,657,1301,1109,2944,4120,37,63,91,0.7,100,128,16,2,1000,4,128,128,1024,
1519759134,4.4,7.650000000000149,61.66893311723541,1.1476992e+06,40.6000000000222,162201.6,59.3999999999778,45,90,134,1,1,2,0,1,1,56,79,122,32,660,1301,1091,2944,4120,37,61,91,0.7,100,128,16,2,1000,4,128,128,1024,
1519759136,4.4,7.650000000000149,61.66893311723541,1.1476992e+06,40.6000000000222,162201.6,59.3999999999778,45,90,134,1,1,2,0,1,1,56,79,122,32,660,1301,1091,2944,4120,37,61,91,0.7,100,128,16,2,1000,4,128,128,1024,
1519759138,2,7.650000000000149,61.66893311723541,1.1476992e+06,40.6000000000222,162201.6,59.3999999999778,45,90,134,1,1,2,0,1,1,56,79,122,32,660,1301,1091,2944,4120,37,61,91,0.7,100,128,16,2,1000,4,128,128,1024,
1519759140,2,4.650000000000176,61.885308383697314,507904,39.949999999989814,31129.6,60.050000000010186,45,90,134,1,1,2,0,1,1,56,79,122,32,660,1301,1091,2944,4120,37,61,91,0.7,100,128,16,2,1000,4,128,128,1024,
1519759142,2,4.650000000000176,61.885308383697314,507904,39.949999999989814,31129.6,60.050000000010186,45,90,134,1,1,2,0,1,1,56,79,122,32,660,1301,1091,2944,4120,37,61,91,0.7,100,128,16,2,1000,4,128,128,1024,
1519759144,2.998800479808077,1.9499999999999316,62.24589304229448,1.2099584e+06,46.04999999999564,30310.4,53.95000000000436,45,90,134,1,1,2,0,1,1,56,81,122,32,660,1301,1091,2944,4120,37,61,91,0.7,100,128,16,2,1000,4,128,128,1024,
1519759146,2.998800479808077,1.9499999999999316,62.24589304229448,1.2099584e+06,46.04999999999564,30310.4,53.95000000000436,45,90,134,1,1,2,0,1,1,56,81,122,32,660,1301,1091,2944,4120,37,61,91,0.7,100,128,16,2,1000,4,128,128,1024,
1519759148,1.4005602240896358,1.9499999999999316,62.24589304229448,1.2099584e+06,46.04999999999564,30310.4,53.95000000000436,45,90,134,1,1,2,0,1,1,56,81,122,32,660,1301,1091,2944,4120,37,61,91,0.7,100,128,16,2,1000,4,128,128,1024,
1519759150,1.4005602240896358,2.249999999999943,61.74383977756563,777420.8,42.20000000001164,265420.8,57.79999999998836,45,90,134,1,1,2,0,1,1,56,81,122,32,660,1301,1091,2944,4120,37,61,91,0.7,100,128,16,2,1000,4,128,128,1024,
1519759152,1.4005602240896358,2.249999999999943,61.74383977756563,777420.8,42.20000000001164,265420.8,57.79999999998836,45,90,134,1,1,2,0,1,1,56,81,122,32,660,1301,1091,2944,4120,37,61,91,0.7,100,128,16,2,1000,4,128,128,1024,
1519759154,2.4,1.2500000000001419,61.14661761312289,215449.6,21.999999999989086,819.2,78.00000000001091,45,90,134,1,1,2,0,1,1,56,82,122,32,660,1301,1091,2944,4120,37,61,91,0.7,100,128,16,2,1000,4,128,128,1024,
1519759156,2.4,1.2500000000001419,61.14661761312289,215449.6,21.999999999989086,819.2,78.00000000001091,45,90,134,1,1,2,0,1,1,56,82,122,32,660,1301,1091,2944,4120,37,61,91,0.7,100,128,16,2,1000,4,128,128,1024,
1519759158,2.4,1.2500000000001419,61.14661761312289,215449.6,21.999999999989086,819.2,78.00000000001091,45,90,134,1,1,2,0,1,1,56,81,122,32,660,1301,1091,2944,4120,37,61,91,0.7,100,128,16,2,1000,4,128,128,1024,
1519759160,2.4,1.3999999999998636,61.19088620134156,1.0928128e+06,16.94999999999709,3276.8,83.05000000000291,45,90,134,1,1,2,0,1,1,56,81,122,32,660,1301,1091,2944,4120,37,61,91,0.7,100,128,16,2,1000,4,128,128,1024,
1519759162,2.4,1.3999999999998636,61.19088620134156,1.0928128e+06,16.94999999999709,3276.8,83.05000000000291,45,90,134,1,1,2,0,1,1,56,81,122,32,660,1301,1091,2944,4120,37,61,91,0.7,100,128,16,2,1000,4,128,128,1024,
1519759164,1.5999999999999999,2.999999999999687,61.24624029009262,548044.8,31.049999999995634,184320,68.95000000000437,45,90,134,1,1,2,0,1,1,56,81,122,32,660,1301,1091,2944,4120,37,61,91,0.7,100,128,16,2,1000,4,128,128,1024,
1519759166,1.5999999999999999,2.999999999999687,61.24624029009262,548044.8,31.049999999995634,184320,68.95000000000437,45,90,134,1,1,2,0,1,1,56,81,122,32,660,1301,1091,2944,4120,37,61,91,0.7,100,128,16,2,1000,4,128,128,1024,
1519759168,3.1999999999999997,2.999999999999687,61.24624029009262,548044.8,31.049999999995634,184320,68.95000000000437,45,90,134,1,1,2,0,1,1,56,82,135,32,659,1301,1091,2944,4120,37,61,91,0.7,100,128,16,2,1000,4,128,128,1024,
1519759170,3.1999999999999997,11.949999999999932,61.483318279403065,1.9439616e+06,44.799999999995634,2457.6,55.20000000000436,45,90,134,1,1,2,0,1,1,56,82,135,32,659,1301,1091,2944,4120,37,61,91,0.7,100,128,16,2,1000,4,128,128,1024,
1519759172,3.1999999999999997,11.949999999999932,61.483318279403065,1.9439616e+06,44.799999999995634,2457.6,55.20000000000436,45,90,134,1,1,2,0,1,1,56,82,135,32,659,1301,1091,2944,4120,37,61,91,0.7,100,128,16,2,1000,4,128,128,1024,
1519759174,2.2,0.950000000000557,61.775260931392495,980582.4,17.950000000009823,3276.8,82.04999999999018,45,90,134,1,1,2,0,1,1,56,82,135,32,659,1301,1091,2944,4120,37,61,91,0.7,100,128,16,2,1000,4,128,128,1024,
1519759176,2.2,0.950000000000557,61.775260931392495,980582.4,17.950000000009823,3276.8,82.04999999999018,45,90,134,1,1,2,0,1,1,56,82,135,32,659,1301,1091,2944,4120,37,61,91,0.7,100,128,16,2,1000,4,128,128,1024,
1519759178,2.8000000000000003,0.950000000000557,61.775260931392495,980582.4,17.950000000009823,3276.8,82.04999999999018,45,90,134,1,1,2,0,1,1,56,82,135,32,659,1301,1091,2944,4120,37,61,91,0.7,100,128,16,2,1000,4,128,128,1024,
1519759180,2.8000000000000003,1.8499999999995964,61.249446030864675,526745.6,10.300000000006548,90931.2,89.69999999999345,45,90,134,1,1,2,0,1,1,56,82,135,32,659,1301,1091,2944,4120,37,61,91,0.7,100,128,16,2,1000,4,128,128,1024,
1519759182,2.8000000000000003,1.8499999999995964,61.249446030864675,526745.6,10.300000000006548,90931.2,89.69999999999345,45,90,134,1,1,2,0,1,1,56,82,135,32,659,1301,1091,2944,4120,37,61,91,0.7,100,128,16,2,1000,4,128,128,1024,
1519759184,3.2,9.40000000000012,61.01244145546504,690585.6,15.5000000000109,3276.8,84.4999999999891,45,90,134,1,1,2,0,1,1,57,82,135,31,659,1301,1091,2944,4120,37,61,91,0.7,100,128,16,2,1000,4,128,128,1024,
1519759186,3.2,9.40000000000012,61.01244145546504,690585.6,15.5000000000109,3276.8,84.4999999999891,45,90,134,1,1,2,0,1,1,57,82,135,31,659,1301,1091,2944,4120,37,61,91,0.7,100,128,16,2,1000,4,128,128,1024,
1519759188,2.8,9.40000000000012,61.01244145546504,690585.6,15.5000000000109,3276.8,84.4999999999891,45,90,134,1,1,2,0,1,1,57,81,135,31,659,1301,1091,2944,4120,37,61,91,0.7,100,128,16,2,1000,4,128,128,1024,
1519759190,2.8,8.199999999999932,60.88430970979726,955187.2,16.2999999999829,819.2,83.7000000000171,45,90,134,1,1,2,0,1,1,57,81,135,31,659,1301,1091,2944,4120,37,61,91,0.7,100,128,16,2,1000,4,128,128,1024,
1519759192,2.8,8.199999999999932,60.88430970979726,955187.2,16.2999999999829,819.2,83.7000000000171,45,90,134,1,1,2,0,1,1,57,81,135,31,659,1301,1091,2944,4120,37,61,91,0.7,100,128,16,2,1000,4,128,128,1024,
1519759194,1.6,3.6000000000002785,60.548881551304454,1.1730944e+06,9.85000000000582,14745.6,90.14999999999418,45,90,134,1,1,2,0,1,1,57,82,135,31,659,1301,1091,2944,4120,37,61,91,0.7,100,128,16,2,1000,4,128,128,1024,
1519759196,1.6,3.6000000000002785,60.548881551304454,1.1730944e+06,9.85000000000582,14745.6,90.14999999999418,45,90,134,1,1,2,0,1,1,57,82,135,31,659,1301,1091,2944,4120,37,61,91,0.7,100,128,16,2,1000,4,128,128,1024,
1519759198,4.8,3.6000000000002785,60.548881551304454,1.1730944e+06,9.85000000000582,14745.6,90.14999999999418,45,90,134,1,1,2,0,1,1,57,82,135,31,657,1301,1070,2624,4120,37,61,91,0.7,100,128,16,2,1000,4,128,128,1024,
1519759200,4.8,7.299999999999899,60.577194849573665,403046.4,13.150000000023283,819.2,86.84999999997672,45,90,134,1,1,2,0,1,1,57,82,135,31,657,1301,1070,2624,4120,37,61,91,0.7,100,128,16,2,1000,4,128,128,1024,
1519759202,4.8,7.299999999999899,60.577194849573665,403046.4,13.150000000023283,819.2,86.84999999997672,45,90,134,1,1,2,0,1,1,57,82,135,31,657,1301,1070,2624,4120,37,61,91,0.7,100,128,16,2,1000,4,128,128,1024,
1519759204,1.6,6.350000000000051,60.56341750564492,415334.4,10.19999999995889,0,89.80000000004111,45,90,134,1,1,2,0,1,1,57,82,135,31,657,1301,1070,2624,4120,37,61,91,0.7,100,128,16,2,1000,4,128,128,1024,
1519759206,1.6,6.350000000000051,60.56341750564492,415334.4,10.19999999995889,0,89.80000000004111,45,90,134,1,1,2,0,1,1,57,82,135,31,657,1301,1070,2624,4120,37,61,91,0.7,100,128,16,2,1000,4,128,128,1024,
1519759208,5,6.350000000000051,60.56341750564492,415334.4,10.19999999995889,0,89.80000000004111,45,90,134,1,1,2,0,1,1,56,81,122,31,657,1301,1070,2624,4120,37,61,91,0.7,100,128,16,2,1000,4,128,128,1024,
1519759210,5,10.099999999999625,60.40153983230795,593100.8,15.400000000036002,819.2,84.599999999964,45,90,134,1,1,2,0,1,1,56,81,122,31,657,1301,1070,2624,4120,37,61,91,0.7,100,128,16,2,1000,4,128,128,1024,
1519759212,5,10.099999999999625,60.40153983230795,593100.8,15.400000000036002,819.2,84.599999999964,45,90,134,1,1,2,0,1,1,56,81,122,31,657,1301,1070,2624,4120,37,61,91,0.7,100,128,16,2,1000,4,128,128,1024,
1519759214,1.4,0.3000000000004377,60.383259768516155,16384,2.7499999999781863,0,97.25000000002181,45,90,134,1,1,2,0,1,1,56,81,122,31,657,1301,1070,2624,4120,37,61,91,0.7,100,128,16,2,1000,4,128,128,1024,
1519759216,1.4,0.3000000000004377,60.383259768516155,16384,2.7499999999781863,0,97.25000000002181,45,90,134,1,1,2,0,1,1,56,81,122,31,657,1301,1070,2624,4120,37,61,91,0.7,100,128,16,2,1000,4,128,128,1024,
1519759218,3,0.3000000000004377,60.383259768516155,16384,2.7499999999781863,0,97.25000000002181,45,90,134,1,1,2,0,1,1,56,81,122,31,657,1301,1070,2624,4120,37,61,91,0.7,100,128,16,2,1000,4,128,128,1024,
1519759220,3,1.5499999999997274,60.34936701302534,664371.2,5.650000000014188,4915.2,94.34999999998581,45,90,134,1,1,2,0,1,1,56,81,122,31,657,1301,1070,2624,4120,37,61,91,0.7,100,128,16,2,1000,4,128,128,1024,
1519759222,3,1.5499999999997274,60.34936701302534,664371.2,5.650000000014188,4915.2,94.34999999998581,45,90,134,1,1,2,0,1,1,56,81,122,31,657,1301,1070,2624,4120,37,61,91,0.7,100,128,16,2,1000,4,128,128,1024,
1519759224,3.8000000000000003,9.200000000000301,60.34992985300822,465305.6,13.800000000010186,0,86.19999999998981,45,90,134,1,1,2,0,1,1,57,81,122,31,657,1301,1070,2624,4120,37,61,91,0.7,100,128,16,2,1000,4,128,128,1024,
1519759226,3.8000000000000003,9.200000000000301,60.34992985300822,465305.6,13.800000000010186,0,86.19999999998981,45,90,134,1,1,2,0,1,1,57,81,122,31,657,1301,1070,2624,4120,37,61,91,0.7,100,128,16,2,1000,4,128,128,1024,
1519759228,2.8,9.200000000000301,60.34992985300822,465305.6,13.800000000010186,0,86.19999999998981,45,90,134,1,1,2,0,1,1,57,81,122,31,657,1301,1063,2624,4120,37,61,91,0.7,100,128,16,2,1000,4,128,128,1024,
1519759230,2.8,0.6499999999999774,60.355533781533424,69632,3.6499999999705466,2457.6,96.35000000002945,45,90,134,1,1,2,0,1,1,57,81,122,31,657,1301,1063,2624,4120,37,61,91,0.7,100,128,16,2,1000,4,128,128,1024,
1519759232,2.8,0.6499999999999774,60.355533781533424,69632,3.6499999999705466,2457.6,96.35000000002945,45,90,134,1,1,2,0,1,1,57,81,122,31,657,1301,1063,2624,4120,37,61,91,0.7,100,128,16,2,1000,4,128,128,1024,
1519759234,2.2,4.799999999999756,60.36133348048743,233472,8.350000000000364,0,91.64999999999964,45,90,134,1,1,2,0,1,1,57,81,122,31,657,1301,1063,2624,4120,37,61,91,0.7,100,128,16,2,1000,4,128,128,1024,
1519759236,2.2,4.799999999999756,60.36133348048743,233472,8.350000000000364,0,91.64999999999964,45,90,134,1,1,2,0,1,1,57,81,122,31,657,1301,1063,2624,4120,37,61,91,0.7,100,128,16,2,1000,4,128,128,1024,
1519759238,4.2,4.799999999999756,60.36133348048743,233472,8.350000000000364,0,91.64999999999964,45,90,134,1,1,2,0,1,1,57,81,122,27,657,1301,1063,2624,4120,37,61,91,0.7,100,128,16,2,1000,4,128,128,1024,
1519759240,4.2,22.59999999999991,60.33147849009121,1.0600448e+06,28.34999999999127,3276.8,71.65000000000873,45,90,134,1,1,2,0,1,1,57,81,122,27,657,1301,1063,2624,4120,37,61,91,0.7,100,128,16,2,1000,4,128,128,1024,
1519759242,4.2,22.59999999999991,60.33147849009121,1.0600448e+06,28.34999999999127,3276.8,71.65000000000873,45,90,134,1,1,2,0,1,1,57,81,122,27,657,1301,1063,2624,4120,37,61,91,0.7,100,128,16,2,1000,4,128,128,1024,
1519759244,2.8,1.3500000000003354,60.30639540389764,61440,4.100000000016735,0,95.89999999998327,45,90,134,1,1,2,0,1,1,57,82,122,27,657,1301,1063,2624,4120,36,61,91,0.7,100,128,16,2,1000,4,128,128,1024,
1519759246,2.8,1.3500000000003354,60.30639540389764,61440,4.100000000016735,0,95.89999999998327,45,90,134,1,1,2,0,1,1,57,82,122,27,657,1301,1063,2624,4120,36,61,91,0.7,100,128,16,2,1000,4,128,128,1024,
1519759248,4.800000000000001,1.3500000000003354,60.30639540389764,61440,4.100000000016735,0,95.89999999998327,45,90,134,1,1,2,0,1,1,57,82,122,29,659,1260,1063,2624,4120,36,61,91,0.7,100,128,16,2,1000,4,128,128,1024,
1519759250,4.800000000000001,21.449999999999818,60.29687606679589,960102.4,27.39999999999783,819.2,72.60000000000217,45,90,134,1,1,2,0,1,1,57,82,122,29,659,1260,1063,2624,4120,36,61,91,0.7,100,128,16,2,1000,4,128,128,1024,
1519759252,4.800000000000001,21.449999999999818,60.29687606679589,960102.4,27.39999999999783,819.2,72.60000000000217,45,90,134,1,1,2,0,1,1,57,82,122,29,659,1260,1063,2624,4120,36,61,91,0.7,100,128,16,2,1000,4,128,128,1024,
1519759254,2.8,8.850000000000051,60.286035279299554,547225.6,14.500000000007276,0,85.49999999999272,45,90,134,1,1,2,0,1,2,57,82,135,29,659,1260,1070,2624,3858,36,61,91,0.7,100,128,16,2,1000,4,128,128,1024,
1519759256,2.8,8.850000000000051,60.286035279299554,547225.6,14.500000000007276,0,85.49999999999272,45,90,134,1,1,2,0,1,2,57,82,135,29,659,1260,1070,2624,3858,36,61,91,0.7,100,128,16,2,1000,4,128,128,1024,
1519759258,2.4000000000000004,8.850000000000051,60.286035279299554,547225.6,14.500000000007276,0,85.49999999999272,45,90,134,1,1,2,0,1,2,57,83,135,29,659,1260,1070,2624,3858,36,54,91,0.7,100,128,16,2,1000,4,128,128,1024,
1519759260,2.4000000000000004,1.799999999999784,60.285154312369826,110592,4.4499999999879805,819.2,95.55000000001202,45,90,134,1,1,2,0,1,2,57,83,135,29,659,1260,1070,2624,3858,36,54,91,0.7,100,128,16,2,1000,4,128,128,1024,
1519759262,2.4000000000000004,1.799999999999784,60.285154312369826,110592,4.4499999999879805,819.2,95.55000000001202,45,90,134,1,1,2,0,1,2,57,83,135,29,659,1260,1070,2624,3858,36,54,91,0.7,100,128,16,2,1000,4,128,128,1024,
1519759264,2.5999999999999996,7.849999999999824,60.27749479434195,395673.6,11.650000000008731,0,88.34999999999127,45,90,134,1,1,2,0,1,2,57,83,135,28,660,1260,1070,2624,3858,36,54,91,0.7,100,128,16,2,1000,4,128,128,1024,
1519759266,2.5999999999999996,7.849999999999824,60.27749479434195,395673.6,11.650000000008731,0,88.34999999999127,45,90,134,1,1,2,0,1,2,57,83,135,28,660,1260,1070,2624,3858,36,54,91,0.7,100,128,16,2,1000,4,128,128,1024,
1519759268,3,7.849999999999824,60.27749479434195,395673.6,11.650000000008731,0,88.34999999999127,45,90,134,1,1,2,0,1,2,57,83,135,28,660,1260,1063,2624,3858,36,54,91,0.7,100,128,16,2,1000,4,128,128,1024,
1519759270,3,0.950000000000557,60.28417546022568,75366.4,4.64999999999236,819.2,95.35000000000764,45,90,134,1,1,2,0,1,2,57,83,135,28,660,1260,1063,2624,3858,36,54,91,0.7,100,128,16,2,1000,4,128,128,1024,
1519759272,3,0.950000000000557,60.28417546022568,75366.4,4.64999999999236,819.2,95.35000000000764,45,90,134,1,1,2,0,1,2,57,83,135,28,660,1260,1063,2624,3858,36,54,91,0.7,100,128,16,2,1000,4,128,128,1024,
1519759274,1.8,0.9499999999998464,60.27844917518248,148275.2,4.3500000000221775,0,95.64999999997782,45,90,134,1,1,2,0,1,2,57,82,135,28,660,1260,1063,2624,3858,34,48,91,0.7,100,128,16,2,1000,4,128,128,1024,
1519759276,1.8,0.9499999999998464,60.27844917518248,148275.2,4.3500000000221775,0,95.64999999997782,45,90,134,1,1,2,0,1,2,57,82,135,28,660,1260,1063,2624,3858,34,48,91,0.7,100,128,16,2,1000,4,128,128,1024,
1519759278,3.8,0.9499999999998464,60.27844917518248,148275.2,4.3500000000221775,0,95.64999999997782,45,90,134,1,1,2,0,1,2,58,83,135,27,659,1260,1063,2624,3858,34,48,91,0.7,100,128,16,2,1000,4,128,128,1024,
1519759280,3.8,14.50000000000003,60.46983924066524,833945.6,28.04999999998472,819.2,71.95000000001528,45,90,134,1,1,2,0,1,2,58,83,135,27,659,1260,1063,2624,3858,34,48,91,0.7,100,128,16,2,1000,4,128,128,1024,
1519759282,3.8,14.50000000000003,60.46983924066524,833945.6,28.04999999998472,819.2,71.95000000001528,45,90,134,1,1,2,0,1,2,58,83,135,27,659,1260,1063,2624,3858,34,48,91,0.7,100,128,16,2,1000,4,128,128,1024,
1519759284,3.2,0.7500000000000284,60.48452202282733,80281.6,4.150000000008731,0,95.84999999999127,45,90,134,1,1,2,0,1,2,58,83,135,27,659,1260,1063,2624,3858,36,48,91,0.7,100,128,16,2,1000,4,128,128,1024,
1519759286,3.2,0.7500000000000284,60.48452202282733,80281.6,4.150000000008731,0,95.84999999999127,45,90,134,1,1,2,0,1,2,58,83,135,27,659,1260,1063,2624,3858,36,48,91,0.7,100,128,16,2,1000,4,128,128,1024,
1519759288,5,0.7500000000000284,60.48452202282733,80281.6,4.150000000008731,0,95.84999999999127,45,90,134,1,1,2,0,1,2,59,87,146,27,659,1267,1063,2624,3858,36,48,91,0.7,100,128,16,2,1000,4,128,128,1024,
1519759290,5,21.650000000000063,60.51077973159384,1.1362304e+06,28.349999999982174,0,71.65000000001783,45,90,134,1,1,2,0,1,2,59,87,146,27,659,1267,1063,2624,3858,36,48,91,0.7,100,128,16,2,1000,4,128,128,1024,
1519759292,5,21.650000000000063,60.51077973159384,1.1362304e+06,28.349999999982174,0,71.65000000001783,45,90,134,1,1,2,0,1,2,59,87,146,27,659,1267,1063,2624,3858,36,48,91,0.7,100,128,16,2,1000,4,128,128,1024,
1519759294,2.4,7.600000000000051,60.35413891722802,362905.6,11.349999999993088,0,88.65000000000691,45,90,134,1,1,2,0,1,2,59,88,146,27,659,1267,1070,2556,3858,34,48,91,0.7,100,128,16,2,1000,4,128,128,1024,
1519759296,2.4,7.600000000000051,60.35413891722802,362905.6,11.349999999993088,0,88.65000000000691,45,90,134,1,1,2,0,1,2,59,88,146,27,659,1267,1070,2556,3858,34,48,91,0.7,100,128,16,2,1000,4,128,128,1024,
1519759298,3,7.600000000000051,60.35413891722802,362905.6,11.349999999993088,0,88.65000000000691,45,90,134,1,1,2,0,1,2,60,88,146,27,659,1267,1070,2556,3858,36,48,91,0.7,100,128,16,2,1000,4,128,128,1024,
1519759300,3,1.3000000000000966,60.33710688992,122060.8,4.949999999998909,819.2,95.05000000000109,45,90,134,1,1,2,0,1,2,60,88,146,27,659,1267,1070,2556,3858,36,48,91,0.7,100,128,16,2,1000,4,128,128,1024,
1519759302,3,1.3000000000000966,60.33710688992,122060.8,4.949999999998909,819.2,95.05000000000109,45,90,134,1,1,2,0,1,2,60,88,146,27,659,1267,1070,2556,3858,36,48,91,0.7,100,128,16,2,1000,4,128,128,1024,
1519759304,4,12.949999999999875,60.668154685067776,596377.6,20.350000000034925,22118.4,79.64999999996508,45,90,134,1,1,2,0,1,2,60,88,146,32,660,1267,1070,2556,3858,36,48,91,0.7,100,128,16,2,1000,4,128,128,1024,
1519759306,4,12.949999999999875,60.668154685067776,596377.6,20.350000000034925,22118.4,79.64999999996508,45,90,134,1,1,2,0,1,2,60,88,146,32,660,1267,1070,2556,3858,36,48,91,0.7,100,128,16,2,1000,4,128,128,1024,
1519759308,2.5999999999999996,12.949999999999875,60.668154685067776,596377.6,20.350000000034925,22118.4,79.64999999996508,45,90,134,0,1,2,0,1,2,60,87,146,32,660,1267,1091,2624,3858,36,48,91,0.7,100,128,16,2,1000,4,128,128,1024,
1519759310,2.5999999999999996,14.400000000000404,60.66563414079662,1.7768448e+06,19.899999999979627,819.2,80.10000000002037,45,90,134,0,1,2,0,1,2,60,87,146,32,660,1267,1091,2624,3858,36,48,91,0.7,100,128,16,2,1000,4,128,128,1024,
1519759312,2.5999999999999996,14.400000000000404,60.66563414079662,1.7768448e+06,19.899999999979627,819.2,80.10000000002037,45,90,134,0,1,2,0,1,2,60,87,146,32,660,1267,1091,2624,3858,36,48,91,0.7,100,128,16,2,1000,4,128,128,1024,
1519759314,2.4,0.9499999999998464,60.66854622592543,87654.4,4.600000000009459,0,95.39999999999054,45,90,134,0,1,2,0,1,2,60,87,146,32,660,1267,1091,2624,3858,34,48,91,0.7,100,128,16,2,1000,4,128,128,1024,
1519759316,2.4,0.9499999999998464,60.66854622592543,87654.4,4.600000000009459,0,95.39999999999054,45,90,134,0,1,2,0,1,2,60,87,146,32,660,1267,1091,2624,3858,34,48,91,0.7,100,128,16,2,1000,4,128,128,1024,
1519759318,2.6,0.9499999999998464,60.66854622592543,87654.4,4.600000000009459,0,95.39999999999054,45,90,134,0,1,2,0,1,2,60,87,146,32,660,1267,1091,2624,3858,34,48,91,0.7,100,128,16,2,1000,4,128,128,1024,
1519759320,2.6,1.25,60.66592779643987,163020.8,4.099999999980369,3276.8,95.90000000001963,45,90,134,0,1,2,0,1,2,60,87,146,32,660,1267,1091,2624,3858,34,48,91,0.7,100,128,16,2,1000,4,128,128,1024,
1519759322,2.6,1.25,60.66592779643987,163020.8,4.099999999980369,3276.8,95.90000000001963,45,90,134,0,1,2,0,1,2,60,87,146,32,660,1267,1091,2624,3858,34,48,91,0.7,100,128,16,2,1000,4,128,128,1024,
1519759324,2.8,13.699999999999335,60.673122359699285,706969.6,18.450000000002547,0,81.54999999999745,45,90,134,0,1,2,0,1,2,60,88,146,31,659,1267,1091,2624,3858,34,48,91,0.7,100,128,16,2,1000,4,128,128,1024,
1519759326,2.8,13.699999999999335,60.673122359699285,706969.6,18.450000000002547,0,81.54999999999745,45,90,134,0,1,2,0,1,2,60,88,146,31,659,1267,1091,2624,3858,34,48,91,0.7,100,128,16,2,1000,4,128,128,1024,
1519759328,5.4,13.699999999999335,60.673122359699285,706969.6,18.450000000002547,0,81.54999999999745,45,90,134,0,1,2,0,1,2,60,87,146,32,659,1267,1094,2624,3858,34,48,91,0.7,100,128,16,2,1000,4,128,128,1024,
1519759330,5.4,18.000000000000824,60.68543142541183,849510.4,23.499999999994543,2457.6,76.50000000000546,45,90,134,0,1,2,0,1,2,60,87,146,32,659,1267,1094,2624,3858,34,48,91,0.7,100,128,16,2,1000,4,128,128,1024,
1519759332,5.4,18.000000000000824,60.68543142541183,849510.4,23.499999999994543,2457.6,76.50000000000546,45,90,134,0,1,2,0,1,2,60,87,146,32,659,1267,1094,2624,3858,34,48,91,0.7,100,128,16,2,1000,4,128,128,1024,
1519759334,2.6,3.799999999999102,60.682348041157795,241664,6.850000000031287,0,93.14999999996871,45,90,134,0,1,2,0,1,2,60,87,146,32,659,1267,1091,2556,3858,33,48,91,0.7,100,128,16,2,1000,4,128,128,1024,
1519759336,2.6,3.799999999999102,60.682348041157795,241664,6.850000000031287,0,93.14999999996871,45,90,134,0,1,2,0,1,2,60,87,146,32,659,1267,1091,2556,3858,33,48,91,0.7,100,128,16,2,1000,4,128,128,1024,
1519759338,3.3999999999999995,3.799999999999102,60.682348041157795,241664,6.850000000031287,0,93.14999999996871,45,90,134,0,1,2,0,1,2,60,87,146,32,657,1267,1091,2556,3858,34,47,91,0.7,100,128,16,2,1000,4,128,128,1024,
1519759340,3.3999999999999995,13.199999999999934,60.68844139575506,621772.8,20.300000000006534,0,79.69999999999347,45,90,134,0,1,2,0,1,2,60,87,146,32,657,1267,1091,2556,3858,34,47,91,0.7,100,128,16,2,1000,4,128,128,1024,
1519759342,3.3999999999999995,13.199999999999934,60.68844139575506,621772.8,20.300000000006534,0,79.69999999999347,45,90,134,0,1,2,0,1,2,60,87,146,32,657,1267,1091,2556,3858,34,47,91,0.7,100,128,16,2,1000,4,128,128,1024,
1519759344,2.2,1.5499999999998693,60.6971776511415,182681.6,7.599999999965817,0,92.40000000003421,45,90,134,0,1,2,0,1,2,60,87,146,32,657,1267,1091,2556,3858,34,47,91,0.7,100,128,16,2,1000,4,128,128,1024,
1519759346,2.2,1.5499999999998693,60.6971776511415,182681.6,7.599999999965817,0,92.40000000003421,45,90,134,0,1,2,0,1,2,60,87,146,32,657,1267,1091,2556,3858,34,47,91,0.7,100,128,16,2,1000,4,128,128,1024,
1519759348,3.5999999999999996,1.5499999999998693,60.6971776511415,182681.6,7.599999999965817,0,92.40000000003421,45,90,134,0,1,2,0,1,2,60,87,146,32,657,1267,1091,2556,3858,35,47,91,0.7,100,128,16,2,1000,4,128,128,1024,
1519759350,3.5999999999999996,8.75,60.69947795368022,463667.2,13.0500000000211,0,86.9499999999789,45,90,134,0,1,2,0,1,2,60,87,146,32,657,1267,1091,2556,3858,35,47,91,0.7,100,128,16,2,1000,4,128,128,1024,
1519759352,3.5999999999999996,8.75,60.69947795368022,463667.2,13.0500000000211,0,86.9499999999789,45,90,134,0,1,2,0,1,2,60,87,146,32,657,1267,1091,2556,3858,35,47,91,0.7,100,128,16,2,1000,4,128,128,1024,
1519759354,3.8,12.349999999999994,60.65219939511832,793804.8,17.64999999999418,0,82.35000000000582,45,90,134,0,1,2,0,1,2,60,88,146,31,657,1267,1070,2556,3858,35,47,91,0.7,100,128,16,2,1000,4,128,128,1024,
1519759356,3.8,12.349999999999994,60.65219939511832,793804.8,17.64999999999418,0,82.35000000000582,45,90,134,0,1,2,0,1,2,60,88,146,31,657,1267,1070,2556,3858,35,47,91,0.7,100,128,16,2,1000,4,128,128,1024,
1519759358,4,12.349999999999994,60.65219939511832,793804.8,17.64999999999418,0,82.35000000000582,45,90,134,0,1,2,0,1,2,60,88,146,31,650,1267,1063,2556,3858,34,47,91,0.7,100,128,16,2,1000,4,128,128,1024,
1519759360,4,14.05000000000044,60.65677552889217,868352,24.05000000000655,0,75.94999999999345,45,90,134,0,1,2,0,1,2,60,88,146,31,650,1267,1063,2556,3858,34,47,91,0.7,100,128,16,2,1000,4,128,128,1024,
1519759362,4,14.05000000000044,60.65677552889217,868352,24.05000000000655,0,75.94999999999345,45,90,134,0,1,2,0,1,2,60,88,146,31,650,1267,1063,2556,3858,34,47,91,0.7,100,128,16,2,1000,4,128,128,1024,
1519759364,3.2,8.499999999999943,60.662550756542586,462028.8,12.750000000005457,0,87.24999999999454,45,90,134,0,1,2,0,1,2,60,88,146,31,657,1267,1040,2468,3858,34,47,91,0.7,100,128,16,2,1000,4,128,128,1024,
1519759366,3.2,8.499999999999943,60.662550756542586,462028.8,12.750000000005457,0,87.24999999999454,45,90,134,0,1,2,0,1,2,60,88,146,31,657,1267,1040,2468,3858,34,47,91,0.7,100,128,16,2,1000,4,128,128,1024,
1519759368,3.4000000000000004,8.499999999999943,60.662550756542586,462028.8,12.750000000005457,0,87.24999999999454,45,90,134,0,1,2,0,1,2,60,88,146,31,657,1267,1063,2468,3858,34,47,91,0.7,100,128,16,2,1000,4,128,128,1024,
1519759370,3.4000000000000004,14.350000000000449,60.669158008515524,798720,18.74999999998181,0,81.25000000001819,45,90,134,0,1,2,0,1,2,60,88,146,31,657,1267,1063,2468,3858,34,47,91,0.7,100,128,16,2,1000,4,128,128,1024,
1519759372,3.4000000000000004,14.350000000000449,60.669158008515524,798720,18.74999999998181,0,81.25000000001819,45,90,134,0,1,2,0,1,2,60,88,146,31,657,1267,1063,2468,3858,34,47,91,0.7,100,128,16,2,1000,4,128,128,1024,
1519759374,2,2.000000000000028,60.674786408344325,321945.6,5.700000000015294,819.2,94.2999999999847,45,90,134,0,1,2,0,1,2,60,88,146,31,657,1267,1040,2468,3858,34,47,91,0.7,100,128,16,2,1000,4,128,128,1024,
1519759376,2,2.000000000000028,60.674786408344325,321945.6,5.700000000015294,819.2,94.2999999999847,45,90,134,0,1,2,0,1,2,60,88,146,31,657,1267,1040,2468,3858,34,47,91,0.7,100,128,16,2,1000,4,128,128,1024,
1519759378,1.8000000000000003,2.000000000000028,60.674786408344325,321945.6,5.700000000015294,819.2,94.2999999999847,45,90,134,0,1,2,0,1,2,59,87,146,31,657,1267,1040,2468,3858,34,47,91,0.7,100,128,16,2,1000,4,128,128,1024,
1519759380,1.8000000000000003,0.24999999999991473,60.67782084999115,113868.8,3.5500000000047294,0,96.44999999999527,45,90,134,0,1,2,0,1,2,59,87,146,31,657,1267,1040,2468,3858,34,47,91,0.7,100,128,16,2,1000,4,128,128,1024,
1519759382,1.8000000000000003,0.24999999999991473,60.67782084999115,113868.8,3.5500000000047294,0,96.44999999999527,45,90,134,0,1,2,0,1,2,59,87,146,31,657,1267,1040,2468,3858,34,47,91,0.7,100,128,16,2,1000,4,128,128,1024,
1519759384,1.6,0.9999999999999432,60.68961601832803,2.3240704e+06,4.30000000000291,3276.8,95.69999999999709,45,90,134,0,1,2,0,1,2,59,87,146,31,657,1267,1040,2468,3858,34,47,91,0.7,100,128,16,2,1000,4,128,128,1024,
1519759386,1.6,0.9999999999999432,60.68961601832803,2.3240704e+06,4.30000000000291,3276.8,95.69999999999709,45,90,134,0,1,2,0,1,2,59,87,146,31,657,1267,1040,2468,3858,34,47,91,0.7,100,128,16,2,1000,4,128,128,1024,
1519759388,1,0.9999999999999432,60.68961601832803,2.3240704e+06,4.30000000000291,3276.8,95.69999999999709,45,90,134,0,1,2,0,1,2,59,87,146,31,657,1267,1040,2468,3858,34,47,91,0.7,100,128,16,2,1000,4,128,128,1024,
1519759390,1,0.7499999999998863,60.689762846149655,176947.2,3.949999999967986,3276.8,96.05000000003201,45,90,134,0,1,2,0,1,2,59,87,146,31,657,1267,1040,2468,3858,34,47,91,0.7,100,128,16,2,1000,4,128,128,1024,
1519759392,1,0.7499999999998863,60.689762846149655,176947.2,3.949999999967986,3276.8,96.05000000003201,45,90,134,0,1,2,0,1,2,59,87,146,31,657,1267,1040,2468,3858,34,47,91,0.7,100,128,16,2,1000,4,128,128,1024,
1519759394,2,0.9999999999995169,60.68467281500013,146636.8,4.250000000010914,0,95.74999999998909,45,90,134,0,1,2,0,1,2,59,85,135,32,661,1259,1040,2468,3858,35,47,91,0.7,100,128,16,2,1000,4,128,128,1024,
1519759396,2,0.9999999999995169,60.68467281500013,146636.8,4.250000000010914,0,95.74999999998909,45,90,134,0,1,2,0,1,2,59,85,135,32,661,1259,1040,2468,3858,35,47,91,0.7,100,128,16,2,1000,4,128,128,1024,
1519759398,4.4,0.9999999999995169,60.68467281500013,146636.8,4.250000000010914,0,95.74999999998909,45,90,134,0,1,2,0,1,2,58,85,135,32,660,1259,987,2211,4120,34,46,91,0.7,100,128,16,2,1000,4,128,128,1024,
1519759400,4.4,2.399999999999949,60.69071722699019,421068.8,6.80000000000291,0,93.19999999999709,45,90,134,0,1,2,0,1,2,58,85,135,32,660,1259,987,2211,4120,34,46,91,0.7,100,128,16,2,1000,4,128,128,1024,
1519759402,4.4,2.399999999999949,60.69071722699019,421068.8,6.80000000000291,0,93.19999999999709,45,90,134,0,1,2,0,1,2,58,85,135,32,660,1259,987,2211,4120,34,46,91,0.7,100,128,16,2,1000,4,128,128,1024,
1519759404,1.2,0.5500000000006366,60.6915981939199,120422.4,5,0,95,45,90,134,0,1,2,0,1,2,58,84,135,32,660,1259,987,2211,4120,34,46,91,0.7,100,128,16,2,1000,4,128,128,1024,
1519759406,1.2,0.5500000000006366,60.6915981939199,120422.4,5,0,95,45,90,134,0,1,2,0,1,2,58,84,135,32,660,1259,987,2211,4120,34,46,91,0.7,100,128,16,2,1000,4,128,128,1024,
1519759408,1.8,0.5500000000006366,60.6915981939199,120422.4,5,0,95,45,90,134,0,1,2,0,1,2,60,88,146,32,660,1259,987,2211,4120,34,46,91,0.7,100,128,16,2,1000,4,128,128,1024,
1519759410,1.8,0.29999999999972715,60.69414320949467,88473.6,3.6999999999989086,2457.6,96.30000000000109,45,90,134,0,1,2,0,1,2,60,88,146,32,660,1259,987,2211,4120,34,46,91,0.7,100,128,16,2,1000,4,128,128,1024,
1519759412,1.8,0.29999999999972715,60.69414320949467,88473.6,3.6999999999989086,2457.6,96.30000000000109,45,90,134,0,1,2,0,1,2,60,88,146,32,660,1259,987,2211,4120,34,46,91,0.7,100,128,16,2,1000,4,128,128,1024,
1519759414,2,0.25000000000005684,60.697862847642405,104857.6,3.2000000000152795,0,96.79999999998472,45,90,134,0,1,2,0,1,2,59,88,146,32,660,1259,987,2211,4120,34,46,91,0.7,100,128,16,2,1000,4,128,128,1024,
1519759416,2,0.25000000000005684,60.697862847642405,104857.6,3.2000000000152795,0,96.79999999998472,45,90,134,0,1,2,0,1,2,59,88,146,32,660,1259,987,2211,4120,34,46,91,0.7,100,128,16,2,1000,4,128,128,1024,
1519759418,2,0.25000000000005684,60.697862847642405,104857.6,3.2000000000152795,0,96.79999999998472,45,90,134,0,1,2,0,1,2,59,88,146,32,660,1259,987,2211,4120,34,46,91,0.7,100,128,16,2,1000,4,128,128,1024,
1519759420,2,0.7000000000000738,60.70175378491535,124518.4,4.099999999998545,0,95.90000000000146,45,90,134,0,1,2,0,1,2,59,88,146,32,660,1259,987,2211,4120,34,46,91,0.7,100,128,16,2,1000,4,128,128,1024,
1519759422,2,0.7000000000000738,60.70175378491535,124518.4,4.099999999998545,0,95.90000000000146,45,90,134,0,1,2,0,1,2,59,88,146,32,660,1259,987,2211,4120,34,46,91,0.7,100,128,16,2,1000,4,128,128,1024,
1519759424,3,12.500000000000428,60.51161175591636,764313.6,18.19999999996979,0,81.8000000000302,45,90,134,0,1,2,0,1,2,59,88,146,32,659,1250,987,2211,4120,34,46,91,0.7,100,128,16,2,1000,4,128,128,1024,
1519759426,3,12.500000000000428,60.51161175591636,764313.6,18.19999999996979,0,81.8000000000302,45,90,134,0,1,2,0,1,2,59,88,146,32,659,1250,987,2211,4120,34,46,91,0.7,100,128,16,2,1000,4,128,128,1024,
1519759428,2.4000000000000004,12.500000000000428,60.51161175591636,764313.6,18.19999999996979,0,81.8000000000302,45,90,134,0,1,2,0,1,2,59,88,146,32,659,1250,987,2202,3858,34,46,91,0.7,100,128,16,2,1000,4,128,128,1024,
1519759430,2.4000000000000004,0.29999999999986926,60.5075984621254,80281.6,4.2000000000189175,0,95.79999999998108,45,90,134,0,1,2,0,1,2,59,88,146,32,659,1250,987,2202,3858,34,46,91,0.7,100,128,16,2,1000,4,128,128,1024,
1519759432,2.4000000000000004,0.29999999999986926,60.5075984621254,80281.6,4.2000000000189175,0,95.79999999998108,45,90,134,0,1,2,0,1,2,59,88,146,32,659,1250,987,2202,3858,34,46,91,0.7,100,128,16,2,1000,4,128,128,1024,
1519759434,3,0.39999999999992036,60.5069377369281,136806.4,4.400000000005093,0,95.5999999999949,45,90,134,0,1,2,0,1,2,59,88,146,32,659,1250,987,2202,3858,34,46,91,0.7,100,128,16,2,1000,4,128,128,1024,
1519759436,3,0.39999999999992036,60.5069377369281,136806.4,4.400000000005093,0,95.5999999999949,45,90,134,0,1,2,0,1,2,59,88,146,32,659,1250,987,2202,3858,34,46,91,0.7,100,128,16,2,1000,4,128,128,1024,
1519759438,2.2,0.39999999999992036,60.5069377369281,136806.4,4.400000000005093,0,95.5999999999949,45,90,134,0,1,2,0,1,2,58,88,146,32,659,1250,987,2202,3858,34,46,91,0.7,100,128,16,2,1000,4,128,128,1024,
1519759440,2.2,0.15000000000000568,60.495607523359695,67174.4,3.3000000000083674,0,96.69999999999163,45,90,134,0,1,2,0,1,2,58,88,146,32,659,1250,987,2202,3858,34,46,91,0.7,100,128,16,2,1000,4,128,128,1024,
1519759442,2.2,0.15000000000000568,60.495607523359695,67174.4,3.3000000000083674,0,96.69999999999163,45,90,134,0,1,2,0,1,2,58,88,146,32,659,1250,987,2202,3858,34,46,91,0.7,100,128,16,2,1000,4,128,128,1024,
1519759444,4.4,2.499999999999858,60.515062209724455,394854.4,6.750000000001805,0,93.2499999999982,45,90,134,0,1,2,0,1,2,58,88,146,31,658,1250,982,2202,3858,34,46,91,0.7,100,128,16,2,1000,4,128,128,1024,
1519759446,4.4,2.499999999999858,60.515062209724455,394854.4,6.750000000001805,0,93.2499999999982,45,90,134,0,1,2,0,1,2,58,88,146,31,658,1250,982,2202,3858,34,46,91,0.7,100,128,16,2,1000,4,128,128,1024,
1519759448,2.2,2.499999999999858,60.515062209724455,394854.4,6.750000000001805,0,93.2499999999982,45,90,134,0,1,1,0,1,2,58,88,146,31,658,1250,982,2202,3858,34,46,91,0.7,100,128,16,2,1000,4,128,128,1024,
1519759450,2.2,0.24999999999991473,60.44605313356266,123699.2,4.099999999980369,2457.6,95.90000000001965,45,90,134,0,1,1,0,1,2,58,88,146,31,658,1250,982,2202,3858,34,46,91,0.7,100,128,16,2,1000,4,128,128,1024,
1519759452,2.2,0.24999999999991473,60.44605313356266,123699.2,4.099999999980369,2457.6,95.90000000001965,45,90,134,0,1,1,0,1,2,58,88,146,31,658,1250,982,2202,3858,34,46,91,0.7,100,128,16,2,1000,4,128,128,1024,
1519759454,2.4000000000000004,0.2999999999998692,60.45028666908606,99942.4,3.0500000000029104,0,96.94999999999709,45,90,134,0,1,1,0,1,2,58,88,146,31,658,1250,982,2202,3858,34,46,91,0.7,100,128,16,2,1000,4,128,128,1024,
1519759456,2.4000000000000004,0.2999999999998692,60.45028666908606,99942.4,3.0500000000029104,0,96.94999999999709,45,90,134,0,1,1,0,1,2,58,88,146,31,658,1250,982,2202,3858,34,46,91,0.7,100,128,16,2,1000,4,128,128,1024,
1519759458,3.2,0.2999999999998692,60.45028666908606,99942.4,3.0500000000029104,0,96.94999999999709,45,90,134,0,1,1,0,1,2,58,88,146,31,658,1250,982,2202,3858,34,46,91,0.7,100,128,16,2,1000,4,128,128,1024,
1519759460,3.2,0.39999999999992036,60.453810536804966,81100.8,3.500000000012733,2457.6,96.49999999998727,45,90,134,0,1,1,0,1,2,58,88,146,31,658,1250,982,2202,3858,34,46,91,0.7,100,128,16,2,1000,4,128,128,1024,
1519759462,3.2,0.39999999999992036,60.453810536804966,81100.8,3.500000000012733,2457.6,96.49999999998727,45,90,134,0,1,1,0,1,2,58,88,146,31,658,1250,982,2202,3858,34,46,91,0.7,100,128,16,2,1000,4,128,128,1024,
1519759464,2,0.09999999999990906,60.46144558352925,29491.2,3.349999999982174,0,96.65000000001783,45,90,134,0,1,1,0,1,2,58,87,146,31,658,1250,982,2202,3858,34,46,91,0.7,100,128,16,2,1000,4,128,128,1024,
1519759466,2,0.09999999999990906,60.46144558352925,29491.2,3.349999999982174,0,96.65000000001783,45,90,134,0,1,1,0,1,2,58,87,146,31,658,1250,982,2202,3858,34,46,91,0.7,100,128,16,2,1000,4,128,128,1024,
1519759468,5.2,0.09999999999990906,60.46144558352925,29491.2,3.349999999982174,0,96.65000000001783,45,90,134,0,1,1,0,1,2,58,87,146,29,658,1250,981,2202,3858,34,46,91,0.7,100,128,16,2,1000,4,128,128,1024,
1519759470,5.2,3.8000000000008067,60.470597851076946,458752,8.100000000003988,819.2,91.89999999999601,45,90,134,0,1,1,0,1,2,58,87,146,29,658,1250,981,2202,3858,34,46,91,0.7,100,128,16,2,1000,4,128,128,1024,
1519759472,5.2,3.8000000000008067,60.470597851076946,458752,8.100000000003988,819.2,91.89999999999601,45,90,134,0,1,1,0,1,2,58,87,146,29,658,1250,981,2202,3858,34,46,91,0.7,100,128,16,2,1000,4,128,128,1024,
1519759474,4.800000000000001,10.24999999999892,60.47585918135169,578355.2,14.799999999995634,0,85.20000000000437,45,90,134,0,1,1,0,1,2,58,87,146,28,657,1250,981,2202,3858,34,46,91,0.7,100,128,16,2,1000,4,128,128,1024,
1519759476,4.800000000000001,10.24999999999892,60.47585918135169,578355.2,14.799999999995634,0,85.20000000000437,45,90,134,0,1,1,0,1,2,58,87,146,28,657,1250,981,2202,3858,34,46,91,0.7,100,128,16,2,1000,4,128,128,1024,
1519759478,4.4,10.24999999999892,60.47585918135169,578355.2,14.799999999995634,0,85.20000000000437,45,90,134,0,1,1,0,1,2,58,87,146,27,650,1250,982,2202,3858,34,46,91,0.7,100,128,16,2,1000,4,128,128,1024,
1519759480,4.4,19.800000000000182,60.46685374162561,842137.6,27.450000000026193,0,72.5499999999738,45,90,134,0,1,1,0,1,2,58,87,146,27,650,1250,982,2202,3858,34,46,91,0.7,100,128,16,2,1000,4,128,128,1024,
1519759482,4.4,19.800000000000182,60.46685374162561,842137.6,27.450000000026193,0,72.5499999999738,45,90,134,0,1,1,0,1,2,58,87,146,27,650,1250,982,2202,3858,34,46,91,0.7,100,128,16,2,1000,4,128,128,1024,
1519759484,5.200000000000001,16.850000000000307,60.19977393409731,402227.2,29.69999999999345,0,70.30000000000655,45,90,134,0,1,1,0,1,2,58,87,146,27,657,1250,981,2170,3858,33,46,91,0.7,100,128,16,2,1000,4,128,128,1024,
1519759486,5.200000000000001,16.850000000000307,60.19977393409731,402227.2,29.69999999999345,0,70.30000000000655,45,90,134,0,1,1,0,1,2,58,87,146,27,657,1250,981,2170,3858,33,46,91,0.7,100,128,16,2,1000,4,128,128,1024,
1519759488,4,16.850000000000307,60.19977393409731,402227.2,29.69999999999345,0,70.30000000000655,45,90,134,0,1,1,0,1,2,58,87,146,27,650,1250,981,2170,3858,33,46,91,0.7,100,128,16,2,1000,4,128,128,1024,
1519759490,4,16.800000000000068,60.252803249006035,865894.4,24.80000000000473,2457.6,75.19999999999527,45,90,134,0,1,1,0,1,2,58,87,146,27,650,1250,981,2170,3858,33,46,91,0.7,100,128,16,2,1000,4,128,128,1024,
1519759492,4,16.800000000000068,60.252803249006035,865894.4,24.80000000000473,2457.6,75.19999999999527,45,90,134,0,1,1,0,1,2,58,87,146,27,650,1250,981,2170,3858,33,46,91,0.7,100,128,16,2,1000,4,128,128,1024,
1519759494,4.2,13.400000000000034,60.26993316152846,641433.6,18.149999999968713,0,81.85000000003129,45,90,134,0,1,1,0,1,2,58,87,146,26,650,1250,981,2170,3858,33,47,91,0.7,100,128,16,2,1000,4,128,128,1024,
1519759496,4.2,13.400000000000034,60.26993316152846,641433.6,18.149999999968713,0,81.85000000003129,45,90,134,0,1,1,0,1,2,58,87,146,26,650,1250,981,2170,3858,33,47,91,0.7,100,128,16,2,1000,4,128,128,1024,
1519759498,2.5999999999999996,13.400000000000034,60.26993316152846,641433.6,18.149999999968713,0,81.85000000003129,45,90,134,0,1,1,0,1,2,58,87,146,26,650,1250,982,2170,3858,33,47,91,0.7,100,128,16,2,1000,4,128,128,1024,
1519759500,2.5999999999999996,5.4000000000000625,60.27130355453026,276889.6,9.250000000001819,0,90.74999999999818,45,90,134,0,1,1,0,1,2,58,87,146,26,650,1250,982,2170,3858,33,47,91,0.7,100,128,16,2,1000,4,128,128,1024,
1519759502,2.5999999999999996,5.4000000000000625,60.27130355453026,276889.6,9.250000000001819,0,90.74999999999818,45,90,134,0,1,1,0,1,2,58,87,146,26,650,1250,982,2170,3858,33,47,91,0.7,100,128,16,2,1000,4,128,128,1024,
1519759504,3.2,17.49999999999957,60.29455129295356,862617.6,25.100000000011278,0,74.89999999998872,45,90,134,0,1,1,0,1,2,58,87,146,26,657,1250,982,2170,3858,33,47,91,0.7,100,128,16,2,1000,4,128,128,1024,
1519759506,3.2,17.49999999999957,60.29455129295356,862617.6,25.100000000011278,0,74.89999999998872,45,90,134,0,1,1,0,1,2,58,87,146,26,657,1250,982,2170,3858,33,47,91,0.7,100,128,16,2,1000,4,128,128,1024,
1519759508,5.4,17.49999999999957,60.29455129295356,862617.6,25.100000000011278,0,74.89999999998872,45,90,134,0,1,1,0,1,2,58,87,135,26,650,1250,982,2170,3858,33,47,91,0.7,100,128,16,2,1000,4,128,128,1024,
1519759510,5.4,17.200000000000415,60.25011140560965,823296,25.600000000004002,0,74.399999999996,45,90,134,0,1,1,0,1,2,58,87,135,26,650,1250,982,2170,3858,33,47,91,0.7,100,128,16,2,1000,4,128,128,1024,
1519759512,5.4,17.200000000000415,60.25011140560965,823296,25.600000000004002,0,74.399999999996,45,90,134,0,1,1,0,1,2,58,87,135,26,650,1250,982,2170,3858,33,47,91,0.7,100,128,16,2,1000,4,128,128,1024,
1519759514,3,1.1499999999999488,60.26780415811497,87654.4,6.099999999996726,0,93.90000000000327,45,90,114,0,1,1,0,1,2,58,87,135,27,645,1250,982,2057,3858,33,47,91,0.7,100,128,16,2,1000,4,128,128,1024,
1519759516,3,1.1499999999999488,60.26780415811497,87654.4,6.099999999996726,0,93.90000000000327,45,90,114,0,1,1,0,1,2,58,87,135,27,645,1250,982,2057,3858,33,47,91,0.7,100,128,16,2,1000,4,128,128,1024,
1519759518,2.8,1.1499999999999488,60.26780415811497,87654.4,6.099999999996726,0,93.90000000000327,45,90,114,0,1,1,0,1,2,58,87,135,27,646,1250,982,2057,3858,33,47,91,0.7,100,128,16,2,1000,4,128,128,1024,
1519759520,2.8,13.000000000000398,60.52487520246945,891289.6,32.09999999999127,0,67.90000000000873,45,90,114,0,1,1,0,1,2,58,87,135,27,646,1250,982,2057,3858,33,47,91,0.7,100,128,16,2,1000,4,128,128,1024,
1519759522,2.8,13.000000000000398,60.52487520246945,891289.6,32.09999999999127,0,67.90000000000873,45,90,114,0,1,1,0,1,2,58,87,135,27,646,1250,982,2057,3858,33,47,91,0.7,100,128,16,2,1000,4,128,128,1024,
1519759524,3.4,9.549999999999983,60.49413924514349,518553.6,17.64999999999418,0,82.35000000000582,45,90,114,0,1,1,0,1,2,58,87,135,27,646,1250,981,2056,3559,33,47,91,0.7,100,128,16,2,1000,4,128,128,1024,
1519759526,3.4,9.549999999999983,60.49413924514349,518553.6,17.64999999999418,0,82.35000000000582,45,90,114,0,1,1,0,1,2,58,87,135,27,646,1250,981,2056,3559,33,47,91,0.7,100,128,16,2,1000,4,128,128,1024,
1519759528,5.800000000000001,9.549999999999983,60.49413924514349,518553.6,17.64999999999418,0,82.35000000000582,45,90,114,0,1,1,0,1,2,58,87,146,30,646,1257,1063,2057,3559,33,47,91,0.7,100,128,16,2,1000,4,128,128,1024,
1519759530,5.800000000000001,17.699999999999676,60.2054023339261,852787.2,32.30000000000473,819.2,67.69999999999527,45,90,114,0,1,1,0,1,2,58,87,146,30,646,1257,1063,2057,3559,33,47,91,0.7,100,128,16,2,1000,4,128,128,1024,
1519759532,5.800000000000001,17.699999999999676,60.2054023339261,852787.2,32.30000000000473,819.2,67.69999999999527,45,90,114,0,1,1,0,1,2,58,87,146,30,646,1257,1063,2057,3559,33,47,91,0.7,100,128,16,2,1000,4,128,128,1024,
1519759534,2.6,1.2999999999996703,60.197914115023444,117145.6,10.200000000022541,0,89.79999999997746,45,90,114,0,1,1,0,1,2,58,87,146,30,646,1257,982,2057,3559,33,47,91,0.7,100,128,16,2,1000,4,128,128,1024,
1519759536,2.6,1.2999999999996703,60.197914115023444,117145.6,10.200000000022541,0,89.79999999997746,45,90,114,0,1,1,0,1,2,58,87,146,30,646,1257,982,2057,3559,33,47,91,0.7,100,128,16,2,1000,4,128,128,1024,
1519759538,4.2,1.2999999999996703,60.197914115023444,117145.6,10.200000000022541,0,89.79999999997746,45,90,114,0,1,1,0,1,2,58,87,146,32,648,1259,982,2057,3559,33,47,91,0.7,100,128,16,2,1000,4,128,128,1024,
1519759540,4.2,13.400000000000603,60.490933504371434,1.1403264e+06,24.549999999981083,2457.6,75.45000000001892,45,90,114,0,1,1,0,1,2,58,87,146,32,648,1259,982,2057,3559,33,47,91,0.7,100,128,16,2,1000,4,128,128,1024,
1519759542,4.2,13.400000000000603,60.490933504371434,1.1403264e+06,24.549999999981083,2457.6,75.45000000001892,45,90,114,0,1,1,0,1,2,58,87,146,32,648,1259,982,2057,3559,33,47,91,0.7,100,128,16,2,1000,4,128,128,1024,
1519759544,2.2,4.149999999999779,60.207213210392766,226918.4,8.350000000018554,0,91.64999999998146,45,90,114,0,1,1,0,1,2,59,87,146,32,648,1259,982,2056,3559,33,47,91,0.7,100,128,16,2,1000,4,128,128,1024,
1519759546,2.2,4.149999999999779,60.207213210392766,226918.4,8.350000000018554,0,91.64999999998146,45,90,114,0,1,1,0,1,2,59,87,146,32,648,1259,982,2056,3559,33,47,91,0.7,100,128,16,2,1000,4,128,128,1024,
1519759548,2,4.149999999999779,60.207213210392766,226918.4,8.350000000018554,0,91.64999999998146,45,90,114,0,1,1,0,1,2,59,87,146,32,648,1259,982,2056,3559,32,47,91,0.7,100,128,16,2,1000,4,128,128,1024,
1519759550,2,0.899999999999892,60.21416306061616,316211.2,9.249999999974534,2457.6,90.75000000002547,45,90,114,0,1,1,0,1,2,59,87,146,32,648,1259,982,2056,3559,32,47,91,0.7,100,128,16,2,1000,4,128,128,1024,
1519759552,2,0.899999999999892,60.21416306061616,316211.2,9.249999999974534,2457.6,90.75000000002547,45,90,114,0,1,1,0,1,2,59,87,146,32,648,1259,982,2056,3559,32,47,91,0.7,100,128,16,2,1000,4,128,128,1024,
1519759554,1.4,1.4999999999999145,60.22620294198906,202342.4,6.850000000013097,0,93.1499999999869,45,90,114,0,1,1,0,1,2,60,87,146,32,648,1259,982,2056,3559,32,47,91,0.7,100,128,16,2,1000,4,128,128,1024,
1519759556,1.4,1.4999999999999145,60.22620294198906,202342.4,6.850000000013097,0,93.1499999999869,45,90,114,0,1,1,0,1,2,60,87,146,32,648,1259,982,2056,3559,32,47,91,0.7,100,128,16,2,1000,4,128,128,1024,
1519759558,3.5999999999999996,1.4999999999999145,60.22620294198906,202342.4,6.850000000013097,0,93.1499999999869,45,90,114,0,1,1,0,1,2,60,90,146,32,648,1259,982,2056,3559,32,47,91,0.7,100,128,16,2,1000,4,128,128,1024,
1519759560,3.5999999999999996,14.949999999999337,60.22820958888455,659456,20.349999999980355,0,79.65000000001965,45,90,114,0,1,1,0,1,2,60,90,146,32,648,1259,982,2056,3559,32,47,91,0.7,100,128,16,2,1000,4,128,128,1024,
1519759562,3.5999999999999996,14.949999999999337,60.22820958888455,659456,20.349999999980355,0,79.65000000001965,45,90,114,0,1,1,0,1,2,60,90,146,32,648,1259,982,2056,3559,32,47,91,0.7,100,128,16,2,1000,4,128,128,1024,
1519759564,2.6,14.250000000000822,60.237068200789004,684032,21.150000000034197,0,78.8499999999658,45,90,114,0,1,1,0,1,2,61,90,146,31,648,1259,1063,2057,3559,32,47,91,0.7,100,128,16,2,1000,4,128,128,1024,
1519759566,2.6,14.250000000000822,60.237068200789004,684032,21.150000000034197,0,78.8499999999658,45,90,114,0,1,1,0,1,2,61,90,146,31,648,1259,1063,2057,3559,32,47,91,0.7,100,128,16,2,1000,4,128,128,1024,
1519759568,1.8,14.250000000000822,60.237068200789004,684032,21.150000000034197,0,78.8499999999658,45,90,114,0,1,1,0,1,2,61,90,146,31,648,1259,1032,2057,3559,32,47,91,0.7,100,128,16,2,1000,4,128,128,1024,
1519759570,1.8,2.2999999999997556,60.57489454703495,694681.6,21.149999999988722,0,78.85000000001128,45,90,114,0,1,1,0,1,2,61,90,146,31,648,1259,1032,2057,3559,32,47,91,0.7,100,128,16,2,1000,4,128,128,1024,
1519759572,1.8,2.2999999999997556,60.57489454703495,694681.6,21.149999999988722,0,78.85000000001128,45,90,114,0,1,1,0,1,2,61,90,146,31,648,1259,1032,2057,3559,32,47,91,0.7,100,128,16,2,1000,4,128,128,1024,
1519759574,2,1.2000000000000455,60.29746337808237,74547.2,8.149999999995998,0,91.850000000004,45,90,114,0,1,1,0,1,2,61,90,146,31,648,1259,1032,2057,3559,32,46,91,0.7,100,128,16,2,1000,4,128,128,1024,
1519759576,2,1.2000000000000455,60.29746337808237,74547.2,8.149999999995998,0,91.850000000004,45,90,114,0,1,1,0,1,2,61,90,146,31,648,1259,1032,2057,3559,32,46,91,0.7,100,128,16,2,1000,4,128,128,1024,
1519759578,1.2000000000000002,1.2000000000000455,60.29746337808237,74547.2,8.149999999995998,0,91.850000000004,45,90,114,0,1,1,0,1,2,61,90,146,31,648,1259,1032,2057,3559,32,46,91,0.7,100,128,16,2,1000,4,128,128,1024,
1519759580,1.2000000000000002,1.0000000000006537,60.54271478279638,89292.8,17.15000000000147,4096,82.84999999999853,45,90,114,0,1,1,0,1,2,61,90,146,31,648,1259,1032,2057,3559,32,46,91,0.7,100,128,16,2,1000,4,128,128,1024,
1519759582,1.2000000000000002,1.0000000000006537,60.54271478279638,89292.8,17.15000000000147,4096,82.84999999999853,45,90,114,0,1,1,0,1,2,61,90,146,31,648,1259,1032,2057,3559,32,46,91,0.7,100,128,16,2,1000,4,128,128,1024,
1519759584,1,1.1499999999992383,60.71088158115945,942899.2,8.299999999981083,1638.4,91.70000000001892,45,90,114,0,1,1,0,1,2,61,90,146,31,648,1259,1032,2057,3559,32,46,91,0.7,100,128,16,2,1000,4,128,128,1024,
1519759586,1,1.1499999999992383,60.71088158115945,942899.2,8.299999999981083,1638.4,91.70000000001892,45,90,114,0,1,1,0,1,2,61,90,146,31,648,1259,1032,2057,3559,32,46,91,0.7,100,128,16,2,1000,4,128,128,1024,
1519759588,3.6,1.1499999999992383,60.71088158115945,942899.2,8.299999999981083,1638.4,91.70000000001892,45,90,114,0,1,1,0,1,2,61,90,146,32,648,1259,1032,2057,3559,32,46,91,0.7,100,128,16,2,1000,4,128,128,1024,
1519759590,3.6,12.599999999999767,60.412576390233106,641433.6,23.75000000001819,3276.8,76.24999999998181,45,90,114,0,1,1,0,1,2,61,90,146,32,648,1259,1032,2057,3559,32,46,91,0.7,100,128,16,2,1000,4,128,128,1024,
1519759592,3.6,12.599999999999767,60.412576390233106,641433.6,23.75000000001819,3276.8,76.24999999998181,45,90,114,0,1,1,0,1,2,61,90,146,32,648,1259,1032,2057,3559,32,46,91,0.7,100,128,16,2,1000,4,128,128,1024,
1519759594,2.8,3.700000000000045,60.2750966065888,262963.2,17.599999999993074,0,82.40000000000691,45,90,114,0,1,1,0,1,2,61,90,146,32,648,1259,1032,2057,3559,32,46,91,0.7,100,128,16,2,1000,4,128,128,1024,
1519759596,2.8,3.700000000000045,60.2750966065888,262963.2,17.599999999993074,0,82.40000000000691,45,90,114,0,1,1,0,1,2,61,90,146,32,648,1259,1032,2057,3559,32,46,91,0.7,100,128,16,2,1000,4,128,128,1024,
1519759598,1.6,3.700000000000045,60.2750966065888,262963.2,17.599999999993074,0,82.40000000000691,45,90,114,0,1,1,0,1,2,61,90,146,32,648,1259,1032,2057,3559,32,46,91,0.7,100,128,16,2,1000,4,128,128,1024,
1519759600,1.6,1.0999999999999943,60.536401186466684,567705.6,12.30000000000473,0,87.69999999999527,45,90,114,0,1,1,0,1,2,61,90,146,32,648,1259,1032,2057,3559,32,46,91,0.7,100,128,16,2,1000,4,128,128,1024,
1519759602,1.6,1.0999999999999943,60.536401186466684,567705.6,12.30000000000473,0,87.69999999999527,45,90,114,0,1,1,0,1,2,61,90,146,32,648,1259,1032,2057,3559,32,46,91,0.7,100,128,16,2,1000,4,128,128,1024,
1519759604,3.8,8.700000000000612,60.42336823512224,448102.4,18.39999999999236,819.2,81.60000000000764,45,90,114,0,1,1,0,1,2,61,90,135,32,648,1259,1032,2057,3559,32,46,91,0.7,100,128,16,2,1000,4,128,128,1024,
1519759606,3.8,8.700000000000612,60.42336823512224,448102.4,18.39999999999236,819.2,81.60000000000764,45,90,114,0,1,1,0,1,2,61,90,135,32,648,1259,1032,2057,3559,32,46,91,0.7,100,128,16,2,1000,4,128,128,1024,
1519759608,1.8000000000000003,8.700000000000612,60.42336823512224,448102.4,18.39999999999236,819.2,81.60000000000764,45,90,114,0,1,1,0,1,2,62,90,135,32,648,1259,1024,2057,3559,32,46,91,0.7,100,128,16,2,1000,4,128,128,1024,
1519759610,1.8000000000000003,7.200000000000273,60.466804799018405,382566.4,25.90000000001055,3276.8,74.09999999998945,45,90,114,0,1,1,0,1,2,62,90,135,32,648,1259,1024,2057,3559,32,46,91,0.7,100,128,16,2,1000,4,128,128,1024,
1519759612,1.8000000000000003,7.200000000000273,60.466804799018405,382566.4,25.90000000001055,3276.8,74.09999999998945,45,90,114,0,1,1,0,1,2,62,90,135,32,648,1259,1024,2057,3559,32,46,91,0.7,100,128,16,2,1000,4,128,128,1024,
1519759614,2,7.799999999999301,60.5224280721091,863436.8,24.399999999986903,80281.6,75.6000000000131,45,90,114,0,1,1,0,1,2,62,90,135,32,648,1259,1032,2057,3559,32,46,91,0.7,100,128,16,2,1000,4,128,128,1024,
1519759616,2,7.799999999999301,60.5224280721091,863436.8,24.399999999986903,80281.6,75.6000000000131,45,90,114,0,1,1,0,1,2,62,90,135,32,648,1259,1032,2057,3559,32,46,91,0.7,100,128,16,2,1000,4,128,128,1024,
1519759618,0.2,7.799999999999301,60.5224280721091,863436.8,24.399999999986903,80281.6,75.6000000000131,45,90,114,0,1,1,0,1,2,62,90,135,32,648,1259,1032,2057,3559,32,46,91,0.7,100,128,16,2,1000,4,128,128,1024,
1519759620,0.2,0.8499999999997954,60.3286398188732,291635.2,8.999999999996362,3276.8,91.00000000000364,45,90,114,0,1,1,0,1,2,62,90,135,32,648,1259,1032,2057,3559,32,46,91,0.7,100,128,16,2,1000,4,128,128,1024,
